dataset,seed,label_pct,detector,delta,DA,MTD,FA,TP,FN,precision,recall,F1,best_delta,score
AGR_a,42,5,sup_5,0.3,0.25,6220.0,11,1,3,0.08333333333333333,0.25,0.125,0.3,0.4255381867997456
AGR_a,42,5,plain_dis_5,0.002,1.0,1911.0,10,4,0,0.2857142857142857,1.0,0.4444444444444445,0.002,0.9307353588727432
AGR_a,42,5,studd_mlhat_5,0.001,1.0,1799.0,6,4,0,0.4,1.0,0.5714285714285715,0.001,0.9488380057732766
AGR_a,42,5,studd_br_5,0.3,1.0,2551.0,26,4,0,0.13333333333333333,1.0,0.23529411764705882,0.3,0.8526884876950926
AGR_a,42,5,meta_acc_mlhat_5,0.0001,1.0,2087.0,75,4,0,0.05063291139240506,1.0,0.09638554216867469,0.0001,0.6848280248544449
AGR_a,42,5,meta_acc_br_5,0.01,0.0,,28,0,4,0.0,0.0,0.0,0.01,0.2
AGR_a,42,5,meta_dis_mlhat_5,0.0001,1.0,687.0,9,4,0,0.3076923076923077,1.0,0.47058823529411764,0.0001,0.9703703703703703
AGR_a,42,5,meta_dis_br_5,0.001,1.0,3127.0,24,4,0,0.14285714285714285,1.0,0.25,0.001,0.8431870443759479
AGR_a,42,1,sup_1,0.3,0.0,,1,0,4,0.0,0.0,0.0,0.3,0.3
AGR_a,42,1,plain_dis_1,0.001,0.75,1161.6666666666667,26,3,1,0.10344827586206896,0.75,0.18181818181818182,0.001,0.7684732619012672
AGR_a,42,1,studd_mlhat_1,0.0001,0.75,863.0,34,3,1,0.08108108108108109,0.75,0.14634146341463414,0.0001,0.7476111845002202
AGR_a,42,1,studd_br_1,0.001,0.75,3220.3333333333335,34,3,1,0.08108108108108109,0.75,0.14634146341463414,0.001,0.6784101472674788
AGR_a,42,1,meta_acc_mlhat_1,0.0001,0.75,1012.3333333333334,82,3,1,0.03529411764705882,0.75,0.06741573033707865,0.0001,0.5654496306081511
AGR_a,42,1,meta_acc_br_1,0.001,0.0,,12,0,4,0.0,0.0,0.0,0.001,0.25925925925925924
AGR_a,42,1,meta_dis_mlhat_1,0.0001,1.0,2367.0,50,4,0,0.07407407407407407,1.0,0.13793103448275862,0.0001,0.7692010372327412
AGR_a,42,1,meta_dis_br_1,0.0001,1.0,2311.0,26,4,0,0.13333333333333333,1.0,0.23529411764705882,0.0001,0.8597338421644894
AGR_g,42,1,sup_1,0.3,0.14285714285714285,7800.0,1,1,6,0.5,0.14285714285714285,0.22222222222222224,0.3,0.3956576543660943
AGR_g,42,1,plain_dis_1,0.001,0.7142857142857143,2251.0,19,5,2,0.20833333333333334,0.7142857142857143,0.3225806451612903,0.001,0.7265320910973085
AGR_g,42,1,studd_mlhat_1,0.0001,0.7142857142857143,1819.0,22,5,2,0.18518518518518517,0.7142857142857143,0.2941176470588235,0.0001,0.7220545609548168
AGR_g,42,1,studd_br_1,0.001,0.8571428571428571,1876.3333333333333,16,6,1,0.2727272727272727,0.8571428571428571,0.41379310344827586,0.001,0.822086631754151
AGR_g,42,1,meta_acc_mlhat_1,0.0001,0.7142857142857143,1486.2,54,5,2,0.0847457627118644,0.7142857142857143,0.15151515151515152,0.0001,0.5701607599561563
AGR_g,42,1,meta_acc_br_1,0.001,0.0,,28,0,7,0.0,0.0,0.0,0.001,0.16
AGR_g,42,1,meta_dis_mlhat_1,0.0001,0.7142857142857143,3806.2,16,5,2,0.23809523809523808,0.7142857142857143,0.35714285714285715,0.0001,0.703651199610279
AGR_g,42,1,meta_dis_br_1,0.0001,0.8571428571428571,792.3333333333334,6,6,1,0.5,0.8571428571428571,0.631578947368421,0.0001,0.89849023667438
AGR_g,42,5,sup_5,0.3,0.2857142857142857,4980.0,4,2,5,0.3333333333333333,0.2857142857142857,0.30769230769230765,0.3,0.5207745706978444
AGR_g,42,5,plain_dis_5,0.002,0.7142857142857143,2526.2,0,5,2,1.0,0.7142857142857143,0.8333333333333333,0.002,0.81482888807697
AGR_g,42,5,studd_mlhat_5,0.001,0.7142857142857143,2295.8,0,5,2,1.0,0.7142857142857143,0.8333333333333333,0.001,0.8204408720009744
AGR_g,42,5,studd_br_5,0.3,0.7142857142857143,2359.8,6,5,2,0.45454545454545453,0.7142857142857143,0.5555555555555556,0.3,0.7888819875776398
AGR_g,42,5,meta_acc_mlhat_5,0.0001,0.8571428571428571,1680.3333333333333,54,6,1,0.1,0.8571428571428571,0.17910447761194032,0.0001,0.636860715300613
AGR_g,42,5,meta_acc_br_5,0.01,0.5714285714285714,789.0,60,4,3,0.0625,0.5714285714285714,0.11267605633802817,0.01,0.4857142857142857
AGR_g,42,5,meta_dis_mlhat_5,0.0001,1.0,1465.857142857143,14,7,0,0.3333333333333333,1.0,0.5,0.0001,0.9135134053621449
AGR_g,42,5,meta_dis_br_5,0.001,0.7142857142857143,1745.4,3,5,2,0.625,0.7142857142857143,0.6666666666666666,0.001,0.8188472780416515
LED_a,42,5,sup_5,0.3,0.25,7020.0,7,1,3,0.125,0.25,0.16666666666666666,0.3,0.4065384615384615
LED_a,42,5,plain_dis_5,0.002,0.75,3177.6666666666665,7,3,1,0.3,0.75,0.4285714285714285,0.002,0.7777795869657558
LED_a,42,5,studd_mlhat_5,0.001,0.75,681.6666666666666,14,3,1,0.17647058823529413,0.75,0.2857142857142857,0.001,0.8242307692307691
LED_a,42,5,studd_br_5,0.3,1.0,919.0,12,4,0,0.25,1.0,0.4,0.3,0.9509727138493902
LED_a,42,5,meta_acc_mlhat_5,0.0001,0.75,1887.0,68,3,1,0.04225352112676056,0.75,0.08,0.0001,0.5369668682618985
LED_a,42,5,meta_acc_br_5,0.01,1.0,2271.0,28,4,0,0.125,1.0,0.2222222222222222,0.01,0.8344655029430207
LED_a,42,5,meta_dis_mlhat_5,0.0001,0.75,2783.0,41,3,1,0.06818181818181818,0.75,0.125,0.0001,0.6333098363640041
LED_a,42,5,meta_dis_br_5,0.001,0.5,2527.0,8,2,2,0.2,0.5,0.28571428571428575,0.001,0.6686953619612047
LED_a,42,1,sup_1,0.3,0.5,6300.0,3,2,2,0.4,0.5,0.4444444444444445,0.3,0.5727189061267421
LED_a,42,1,plain_dis_1,0.001,0.75,3732.3333333333335,30,3,1,0.09090909090909091,0.75,0.16216216216216214,0.001,0.6541237686846416
LED_a,42,1,studd_mlhat_1,0.0001,0.75,1695.0,26,3,1,0.10344827586206896,0.75,0.18181818181818182,0.0001,0.7368713970751835
LED_a,42,1,studd_br_1,0.001,0.5,2287.0,36,2,2,0.05263157894736842,0.5,0.09523809523809525,0.001,0.5470375614393495
LED_a,42,1,meta_acc_mlhat_1,0.0001,0.75,4265.666666666667,32,3,1,0.08571428571428572,0.75,0.15384615384615383,0.0001,0.6280641801007301
LED_a,42,1,meta_acc_br_1,0.001,1.0,975.0,30,4,0,0.11764705882352941,1.0,0.21052631578947367,0.001,0.8661287647403871
LED_a,42,1,meta_dis_mlhat_1,0.0001,1.0,4927.0,38,4,0,0.09523809523809523,1.0,0.17391304347826084,0.0001,0.704504136410526
LED_a,42,1,meta_dis_br_1,0.0001,1.0,991.0,27,4,0,0.12903225806451613,1.0,0.2285714285714286,0.0001,0.8794700540059467
LED_g,42,1,sup_1,0.3,0.14285714285714285,2800.0,0,1,6,1.0,0.14285714285714285,0.25,0.3,0.48582256711854693
LED_g,42,1,plain_dis_1,0.001,0.5714285714285714,2425.0,26,4,3,0.13333333333333333,0.5714285714285714,0.21621621621621623,0.001,0.5434948707877296
LED_g,42,1,studd_mlhat_1,0.0001,0.5714285714285714,2201.0,29,4,3,0.12121212121212122,0.5714285714285714,0.2,0.0001,0.5334822379572324
LED_g,42,1,studd_br_1,0.001,0.5714285714285714,1329.0,38,4,3,0.09523809523809523,0.5714285714285714,0.16326530612244897,0.001,0.5123616315813686
LED_g,42,1,meta_acc_mlhat_1,0.0001,0.5714285714285714,3185.0,14,4,3,0.2222222222222222,0.5714285714285714,0.32,0.0001,0.5896091607483448
LED_g,42,1,meta_acc_br_1,0.001,0.7142857142857143,1175.8,6,5,2,0.45454545454545453,0.7142857142857143,0.5555555555555556,0.001,0.8039541821038441
LED_g,42,1,meta_dis_mlhat_1,0.0001,0.8571428571428571,2313.6666666666665,17,6,1,0.2608695652173913,0.8571428571428571,0.4,0.0001,0.7513159729225718
LED_g,42,1,meta_dis_br_1,0.0001,0.5714285714285714,1193.0,4,4,3,0.5,0.5714285714285714,0.5333333333333333,0.0001,0.7450920568866619
LED_g,42,5,sup_5,0.3,0.14285714285714285,880.0,6,1,6,0.14285714285714285,0.14285714285714285,0.14285714285714285,0.3,0.5314285714285714
LED_g,42,5,plain_dis_5,0.002,0.7142857142857143,2551.8,0,5,2,1.0,0.7142857142857143,0.8333333333333333,0.002,0.7826032123483264
LED_g,42,5,studd_mlhat_5,0.001,0.8571428571428571,969.6666666666666,2,6,1,0.75,0.8571428571428571,0.7999999999999999,0.001,0.911240175939589
LED_g,42,5,studd_br_5,0.3,0.8571428571428571,1423.0,1,6,1,0.8571428571428571,0.8571428571428571,0.8571428571428571,0.3,0.8976943138108331
LED_g,42,5,meta_acc_mlhat_5,0.0001,0.8571428571428571,3592.3333333333335,45,6,1,0.11764705882352941,0.8571428571428571,0.2068965517241379,0.0001,0.5076380853299929
LED_g,42,5,meta_acc_br_5,0.01,0.42857142857142855,2523.0,29,3,4,0.09375,0.42857142857142855,0.15384615384615383,0.01,0.44769682622250057
LED_g,42,5,meta_dis_mlhat_5,0.0001,0.42857142857142855,5365.666666666667,34,3,4,0.08108108108108109,0.42857142857142855,0.13636363636363638,0.0001,0.2876190476190476
LED_g,42,5,meta_dis_br_5,0.001,0.42857142857142855,899.0,14,3,4,0.17647058823529413,0.42857142857142855,0.25,0.001,0.6201052382013964
