signal,dataset,label_pct,member,signal_mean,real_accuracy
margin,AGR_a,5,0,0.5799357775857216,0.5763333333333334
margin,AGR_a,5,1,0.6273646938169377,0.6194333333333333
margin,AGR_a,5,2,0.6684121723318935,0.6943
margin,AGR_a,5,3,0.6811371862695067,0.6388666666666667
margin,AGR_a,5,4,0.6555094572437422,0.6371666666666667
margin,AGR_a,5,5,0.6977445803840674,0.6799333333333333
margin,AGR_a,5,6,0.7839917557777643,0.7508
margin,AGR_a,5,7,0.6738415182857185,0.6629
margin,AGR_a,5,8,0.8005256637559496,0.7583333333333333
margin,AGR_a,5,9,0.7110301839227817,0.6682
margin,AGR_a,5,10,0.6751283813301522,0.6738333333333333
margin,AGR_a,5,11,0.660124099303846,0.6304333333333333
margin,AGR_a,5,12,0.6771026630551384,0.653
margin,AGR_a,5,13,0.6631084594800932,0.6138333333333333
margin,AGR_a,5,14,0.6502910422390742,0.6184
margin,AGR_a,5,15,0.7970354033221918,0.7772666666666667
margin,AGR_a,5,16,0.6662246381866904,0.6424
margin,AGR_a,5,17,0.6644538285874723,0.6894
margin,AGR_a,5,18,0.7278199734055796,0.6733333333333333
margin,AGR_a,5,19,0.6388215142468037,0.6079
margin,AGR_a,5,20,0.6069812965328191,0.6003333333333334
margin,AGR_a,5,21,0.6445991037410316,0.6075666666666667
margin,AGR_a,5,22,0.6905356991457258,0.6645
margin,AGR_a,5,23,0.6899370730055777,0.6675
margin,AGR_a,5,24,0.6195119919318827,0.6025333333333334
margin,AGR_a,5,25,0.6569572735723671,0.6124
margin,AGR_a,5,26,0.7036379233264636,0.6849333333333333
margin,AGR_a,5,27,0.6415568616515899,0.6101333333333333
margin,AGR_a,5,28,0.6296885604241628,0.5961333333333333
margin,AGR_a,5,29,0.5955160806749249,0.5684666666666667
binary_relevance,AGR_a,5,0,0.6100397612887267,0.6081
binary_relevance,AGR_a,5,1,0.6036795568807142,0.6139
binary_relevance,AGR_a,5,2,0.7566156452047109,0.671
binary_relevance,AGR_a,5,3,0.697555804238807,0.6562
binary_relevance,AGR_a,5,4,0.6286675294580424,0.60165
binary_relevance,AGR_a,5,5,0.6964538679724126,0.68245
binary_relevance,AGR_a,5,6,0.8245020215270331,0.76985
binary_relevance,AGR_a,5,7,0.6923668857379152,0.66425
binary_relevance,AGR_a,5,8,0.7754130308976892,0.75055
binary_relevance,AGR_a,5,9,0.7147284912260445,0.70595
binary_relevance,AGR_a,5,10,0.6995252155359645,0.6662
binary_relevance,AGR_a,5,11,0.6060006029970506,0.57095
binary_relevance,AGR_a,5,12,0.7285749897031968,0.6939
binary_relevance,AGR_a,5,13,0.5856438458768681,0.56805
binary_relevance,AGR_a,5,14,0.6134774881656861,0.59185
binary_relevance,AGR_a,5,15,0.8044589689604938,0.7584
binary_relevance,AGR_a,5,16,0.633299020624659,0.6019
binary_relevance,AGR_a,5,17,0.7299119720019289,0.6681
binary_relevance,AGR_a,5,18,0.7192401117045106,0.71155
binary_relevance,AGR_a,5,19,0.6027723171037306,0.61905
binary_relevance,AGR_a,5,20,0.623512408721051,0.614
binary_relevance,AGR_a,5,21,0.6252567595479388,0.62065
binary_relevance,AGR_a,5,22,0.7079220629887926,0.6696
binary_relevance,AGR_a,5,23,0.672213115932988,0.6662
binary_relevance,AGR_a,5,24,0.6090704061058023,0.5692
binary_relevance,AGR_a,5,25,0.6094629064946485,0.6178
binary_relevance,AGR_a,5,26,0.7215051086812608,0.6842
binary_relevance,AGR_a,5,27,0.6137275554513573,0.60025
binary_relevance,AGR_a,5,28,0.5870876847795556,0.5872
binary_relevance,AGR_a,5,29,0.6067074092523638,0.57775
high_order,AGR_a,5,0,0.6243777010653168,0.6343
high_order,AGR_a,5,1,0.60770443017371,0.6191
high_order,AGR_a,5,2,0.672062040005438,0.67755
high_order,AGR_a,5,3,0.6789368826448917,0.6746
high_order,AGR_a,5,4,0.6492794974079356,0.6409
high_order,AGR_a,5,5,0.6644140456110239,0.6668
high_order,AGR_a,5,6,0.7670247795205564,0.7684
high_order,AGR_a,5,7,0.6627012490492314,0.6669
high_order,AGR_a,5,8,0.6982595313014462,0.6918
high_order,AGR_a,5,9,0.6583213713994249,0.6578
high_order,AGR_a,5,10,0.700651274677366,0.70285
high_order,AGR_a,5,11,0.5890063281137496,0.59845
high_order,AGR_a,5,12,0.653818184823636,0.6602
high_order,AGR_a,5,13,0.6059774073787033,0.61595
high_order,AGR_a,5,14,0.5617031139060855,0.56265
high_order,AGR_a,5,15,0.7420950546136126,0.7494
high_order,AGR_a,5,16,0.5957543260977604,0.6093
high_order,AGR_a,5,17,0.6745611506994814,0.68405
high_order,AGR_a,5,18,0.6972024502255022,0.6918
high_order,AGR_a,5,19,0.6074486193837598,0.61625
high_order,AGR_a,5,20,0.6086685125421732,0.61255
high_order,AGR_a,5,21,0.6184157198335976,0.6191
high_order,AGR_a,5,22,0.6288669662632048,0.63445
high_order,AGR_a,5,23,0.6468960912419484,0.6558
high_order,AGR_a,5,24,0.5868766316538676,0.58985
high_order,AGR_a,5,25,0.6357501383550465,0.63705
high_order,AGR_a,5,26,0.6869595726761967,0.69435
high_order,AGR_a,5,27,0.5789777109792456,0.58885
high_order,AGR_a,5,28,0.6249388729253784,0.62665
high_order,AGR_a,5,29,0.6117875191891566,0.63085
margin,AGR_g,5,0,0.6923644229235894,0.6520666666666667
margin,AGR_g,5,1,0.66136305481168,0.6353333333333333
margin,AGR_g,5,2,0.7277072528559307,0.7238333333333333
margin,AGR_g,5,3,0.7328951955277608,0.7303
margin,AGR_g,5,4,0.6676686107925844,0.6319
margin,AGR_g,5,5,0.74145255231111,0.7257333333333333
margin,AGR_g,5,6,0.7500631385069595,0.7419666666666667
margin,AGR_g,5,7,0.781064056406108,0.7213666666666667
margin,AGR_g,5,8,0.7867786454603232,0.7400333333333333
margin,AGR_g,5,9,0.7502763770398219,0.7097666666666667
margin,AGR_g,5,10,0.7344682236514508,0.7257333333333333
margin,AGR_g,5,11,0.6382724545743991,0.6308666666666667
margin,AGR_g,5,12,0.7475993223808007,0.7002
margin,AGR_g,5,13,0.6811195379435793,0.6582
margin,AGR_g,5,14,0.6808943726570731,0.6797666666666666
margin,AGR_g,5,15,0.7732642460833294,0.7288666666666667
margin,AGR_g,5,16,0.619693741114098,0.6268666666666667
margin,AGR_g,5,17,0.6719914158614347,0.6833333333333333
margin,AGR_g,5,18,0.6617856918196866,0.6820333333333334
margin,AGR_g,5,19,0.6445042420618148,0.6339666666666667
margin,AGR_g,5,20,0.6762848299717676,0.6401333333333333
margin,AGR_g,5,21,0.6443775977782672,0.6216
margin,AGR_g,5,22,0.7212472190182928,0.6892666666666667
margin,AGR_g,5,23,0.7234782419813176,0.7093333333333334
margin,AGR_g,5,24,0.6481051267644279,0.6558
margin,AGR_g,5,25,0.666183276459711,0.6399
margin,AGR_g,5,26,0.7208899919484645,0.7173666666666667
margin,AGR_g,5,27,0.6635313462245143,0.6672
margin,AGR_g,5,28,0.6474367009363581,0.6509666666666667
margin,AGR_g,5,29,0.6426729680179946,0.6283666666666666
binary_relevance,AGR_g,5,0,0.6090691992516095,0.6283
binary_relevance,AGR_g,5,1,0.6149852148609917,0.6277
binary_relevance,AGR_g,5,2,0.6990123701945417,0.70585
binary_relevance,AGR_g,5,3,0.7149952684974895,0.72075
binary_relevance,AGR_g,5,4,0.5843475755446663,0.6209
binary_relevance,AGR_g,5,5,0.6662113015983032,0.6857
binary_relevance,AGR_g,5,6,0.7313853372094128,0.719
binary_relevance,AGR_g,5,7,0.767751665614526,0.7256
binary_relevance,AGR_g,5,8,0.7832883126326691,0.7814
binary_relevance,AGR_g,5,9,0.6874563871560933,0.6894
binary_relevance,AGR_g,5,10,0.7210182253814967,0.7272
binary_relevance,AGR_g,5,11,0.59166969601545,0.6376
binary_relevance,AGR_g,5,12,0.6783644227250365,0.685
binary_relevance,AGR_g,5,13,0.5943590274603946,0.6312
binary_relevance,AGR_g,5,14,0.603914565443618,0.633
binary_relevance,AGR_g,5,15,0.7592194617764716,0.7615
binary_relevance,AGR_g,5,16,0.5793936457316808,0.6331
binary_relevance,AGR_g,5,17,0.6944165791037571,0.6904
binary_relevance,AGR_g,5,18,0.722610879757227,0.69395
binary_relevance,AGR_g,5,19,0.6213832464134798,0.62945
binary_relevance,AGR_g,5,20,0.632956985406137,0.63
binary_relevance,AGR_g,5,21,0.6132531887846572,0.6114
binary_relevance,AGR_g,5,22,0.6973885897693435,0.67915
binary_relevance,AGR_g,5,23,0.629025674841743,0.67945
binary_relevance,AGR_g,5,24,0.6040616054006382,0.63135
binary_relevance,AGR_g,5,25,0.5713668757854351,0.62445
binary_relevance,AGR_g,5,26,0.724494140527267,0.7314
binary_relevance,AGR_g,5,27,0.6261931251206964,0.66515
binary_relevance,AGR_g,5,28,0.5792218494322133,0.61665
binary_relevance,AGR_g,5,29,0.5741828395664194,0.6143
high_order,AGR_g,5,0,0.6443365059771575,0.6465
high_order,AGR_g,5,1,0.6524555903708562,0.6452
high_order,AGR_g,5,2,0.7441687898959964,0.744
high_order,AGR_g,5,3,0.7175505557786673,0.7231
high_order,AGR_g,5,4,0.6383129948602058,0.6472
high_order,AGR_g,5,5,0.6978023809327744,0.69945
high_order,AGR_g,5,6,0.7336385068098084,0.73635
high_order,AGR_g,5,7,0.7297714560028166,0.7191
high_order,AGR_g,5,8,0.7809962326874956,0.7899
high_order,AGR_g,5,9,0.7055560051005334,0.70775
high_order,AGR_g,5,10,0.730276234972477,0.73915
high_order,AGR_g,5,11,0.6684049641883001,0.68555
high_order,AGR_g,5,12,0.7074011731227859,0.70415
high_order,AGR_g,5,13,0.6313957737534307,0.63695
high_order,AGR_g,5,14,0.6368937641253695,0.6438
high_order,AGR_g,5,15,0.744351293609105,0.7431
high_order,AGR_g,5,16,0.6337891902603209,0.63765
high_order,AGR_g,5,17,0.6889772207899019,0.69415
high_order,AGR_g,5,18,0.6946255077809096,0.70065
high_order,AGR_g,5,19,0.6514839292034507,0.664
high_order,AGR_g,5,20,0.6277075183795765,0.63975
high_order,AGR_g,5,21,0.6297916962906718,0.62885
high_order,AGR_g,5,22,0.7300832834351808,0.7326
high_order,AGR_g,5,23,0.6819040429007261,0.68485
high_order,AGR_g,5,24,0.64365282944059,0.6472
high_order,AGR_g,5,25,0.6292447023253888,0.6413
high_order,AGR_g,5,26,0.7202099516512827,0.72055
high_order,AGR_g,5,27,0.6236602900831029,0.6252
high_order,AGR_g,5,28,0.6153456452662125,0.62815
high_order,AGR_g,5,29,0.6177994349700399,0.6118
margin,CovtFD,5,0,0.7550802526532379,0.7200333333333333
margin,CovtFD,5,1,0.750260065883305,0.7091333333333333
margin,CovtFD,5,2,0.7403232195508744,0.7234
margin,CovtFD,5,3,0.7293221319937045,0.6994666666666667
margin,CovtFD,5,4,0.7428953165379469,0.7099666666666666
margin,CovtFD,5,5,0.7675654611582771,0.7176333333333333
margin,CovtFD,5,6,0.7500594456728922,0.7159
margin,CovtFD,5,7,0.7570139002149788,0.7161
margin,CovtFD,5,8,0.7329631005132151,0.7078333333333333
margin,CovtFD,5,9,0.7471159441081564,0.7261666666666666
margin,CovtFD,5,10,0.7334871087584878,0.7211333333333333
margin,CovtFD,5,11,0.7331252490992656,0.7165
margin,CovtFD,5,12,0.7517665537919571,0.7113666666666667
margin,CovtFD,5,13,0.761915498348535,0.7212
margin,CovtFD,5,14,0.7473274549741918,0.7186666666666667
margin,CovtFD,5,15,0.7425354139170988,0.7206666666666667
margin,CovtFD,5,16,0.7530412242909813,0.7068666666666666
margin,CovtFD,5,17,0.7460911850085535,0.7109
margin,CovtFD,5,18,0.7515489348413039,0.7258
margin,CovtFD,5,19,0.7467549140329167,0.7098333333333333
margin,CovtFD,5,20,0.7567233178132674,0.7200666666666666
margin,CovtFD,5,21,0.7425595477561321,0.7191
margin,CovtFD,5,22,0.7522791187842881,0.7168
margin,CovtFD,5,23,0.7426917379860213,0.7174333333333334
margin,CovtFD,5,24,0.7282842492918276,0.7048
margin,CovtFD,5,25,0.7412697502082898,0.7186333333333333
margin,CovtFD,5,26,0.756418381531034,0.7288333333333333
margin,CovtFD,5,27,0.7570123181054645,0.7123333333333334
margin,CovtFD,5,28,0.7363736706698248,0.7193333333333334
margin,CovtFD,5,29,0.7655025151542778,0.7293666666666667
binary_relevance,CovtFD,5,0,0.7073305508728583,0.72365
binary_relevance,CovtFD,5,1,0.7218031542715303,0.72895
binary_relevance,CovtFD,5,2,0.698406003747323,0.7222
binary_relevance,CovtFD,5,3,0.7172973029340531,0.7327
binary_relevance,CovtFD,5,4,0.7187205977283989,0.7344
binary_relevance,CovtFD,5,5,0.7199504173281307,0.7242
binary_relevance,CovtFD,5,6,0.706359319820331,0.72725
binary_relevance,CovtFD,5,7,0.7056594441814763,0.72345
binary_relevance,CovtFD,5,8,0.7051739862465127,0.71475
binary_relevance,CovtFD,5,9,0.6994236230451616,0.71475
binary_relevance,CovtFD,5,10,0.7173074296320531,0.7305
binary_relevance,CovtFD,5,11,0.7144377519010681,0.7301
binary_relevance,CovtFD,5,12,0.7175484263155762,0.71515
binary_relevance,CovtFD,5,13,0.717024761090425,0.72655
binary_relevance,CovtFD,5,14,0.7275906329992162,0.7308
binary_relevance,CovtFD,5,15,0.7162333805027679,0.7228
binary_relevance,CovtFD,5,16,0.7017058142018618,0.7218
binary_relevance,CovtFD,5,17,0.7004658933480901,0.7179
binary_relevance,CovtFD,5,18,0.7217434885682531,0.73575
binary_relevance,CovtFD,5,19,0.738835378242647,0.71475
binary_relevance,CovtFD,5,20,0.7188019988655783,0.72785
binary_relevance,CovtFD,5,21,0.7320926727039261,0.7307
binary_relevance,CovtFD,5,22,0.6895494601411116,0.7164
binary_relevance,CovtFD,5,23,0.7031772912103893,0.7284
binary_relevance,CovtFD,5,24,0.7075630478583669,0.7197
binary_relevance,CovtFD,5,25,0.6882938692358994,0.71855
binary_relevance,CovtFD,5,26,0.698051766824848,0.7228
binary_relevance,CovtFD,5,27,0.7309153589082399,0.72785
binary_relevance,CovtFD,5,28,0.7014281263583717,0.706
binary_relevance,CovtFD,5,29,0.6703282300114042,0.7043
high_order,CovtFD,5,0,0.7299741430072391,0.7268
high_order,CovtFD,5,1,0.7164877228439829,0.7213
high_order,CovtFD,5,2,0.721816865044168,0.7182
high_order,CovtFD,5,3,0.7201684858999835,0.72005
high_order,CovtFD,5,4,0.7244292560853334,0.71955
high_order,CovtFD,5,5,0.7195636327345591,0.72195
high_order,CovtFD,5,6,0.7342033628780166,0.73125
high_order,CovtFD,5,7,0.7284444089169254,0.7238
high_order,CovtFD,5,8,0.7192368024757628,0.71225
high_order,CovtFD,5,9,0.720133838665222,0.72125
high_order,CovtFD,5,10,0.7150373023459792,0.71125
high_order,CovtFD,5,11,0.7280684105646754,0.72965
high_order,CovtFD,5,12,0.720679454059998,0.71555
high_order,CovtFD,5,13,0.7172312750130448,0.7208
high_order,CovtFD,5,14,0.7169825116335375,0.7167
high_order,CovtFD,5,15,0.7231848309548888,0.7294
high_order,CovtFD,5,16,0.7182391744255517,0.71475
high_order,CovtFD,5,17,0.7151880481205076,0.71715
high_order,CovtFD,5,18,0.7201456387754566,0.71145
high_order,CovtFD,5,19,0.7229407004726338,0.72295
high_order,CovtFD,5,20,0.718841003068976,0.716
high_order,CovtFD,5,21,0.726188612380276,0.7187
high_order,CovtFD,5,22,0.6967401682262229,0.69915
high_order,CovtFD,5,23,0.7291949871132034,0.72675
high_order,CovtFD,5,24,0.7177178391244835,0.7199
high_order,CovtFD,5,25,0.7162478880869867,0.71635
high_order,CovtFD,5,26,0.7232043649058709,0.7239
high_order,CovtFD,5,27,0.7154402312189166,0.72045
high_order,CovtFD,5,28,0.7281807698726006,0.72045
high_order,CovtFD,5,29,0.7142848132894178,0.7199
margin,Electricity,5,0,0.7458494299028166,0.7559
margin,Electricity,5,1,0.6083398089953533,0.6596
margin,Electricity,5,2,0.729926218751843,0.7429
margin,Electricity,5,3,0.7154164946117751,0.7555666666666667
margin,Electricity,5,4,0.7024722630677105,0.7551333333333333
margin,Electricity,5,5,0.7024845048103268,0.7563333333333333
margin,Electricity,5,6,0.7584019968773956,0.7547666666666667
margin,Electricity,5,7,0.7204604722880948,0.7498333333333334
margin,Electricity,5,8,0.7489287278531042,0.7569333333333333
margin,Electricity,5,9,0.5343685703591584,0.6838333333333333
margin,Electricity,5,10,0.582414186372934,0.682
margin,Electricity,5,11,0.5488614472799144,0.6786
margin,Electricity,5,12,0.7313733699799914,0.7640333333333333
margin,Electricity,5,13,0.7009805336039965,0.7423666666666666
margin,Electricity,5,14,0.7088630018355082,0.7581666666666667
margin,Electricity,5,15,0.760429602531561,0.7560666666666667
margin,Electricity,5,16,0.7398896793481224,0.7592666666666666
margin,Electricity,5,17,0.74688351533427,0.7521
margin,Electricity,5,18,0.5809993190205709,0.6651666666666667
margin,Electricity,5,19,0.6833534914254953,0.7474333333333333
margin,Electricity,5,20,0.7301002214645899,0.7476666666666667
margin,Electricity,5,21,0.7413255292963847,0.7450333333333333
margin,Electricity,5,22,0.6801151394060081,0.7563333333333333
margin,Electricity,5,23,0.6996323511346447,0.7556
margin,Electricity,5,24,0.5517476560466407,0.6415
margin,Electricity,5,25,0.7508683090088991,0.7501666666666666
margin,Electricity,5,26,0.7262837223730603,0.7517666666666667
margin,Electricity,5,27,0.7855934079159352,0.7555666666666667
margin,Electricity,5,28,0.7140555669010665,0.7637333333333334
margin,Electricity,5,29,0.5784164909139908,0.6853666666666667
binary_relevance,Electricity,5,0,0.7960305831473141,0.74765
binary_relevance,Electricity,5,1,0.6303988426112178,0.66765
binary_relevance,Electricity,5,2,0.7883914647061121,0.7565
binary_relevance,Electricity,5,3,0.7817043288067788,0.74945
binary_relevance,Electricity,5,4,0.7856452050477353,0.75965
binary_relevance,Electricity,5,5,0.7916803571320141,0.7162
binary_relevance,Electricity,5,6,0.8212135820481224,0.7588
binary_relevance,Electricity,5,7,0.7749418648664368,0.75705
binary_relevance,Electricity,5,8,0.7811010452214631,0.7537
binary_relevance,Electricity,5,9,0.5865023838490507,0.68805
binary_relevance,Electricity,5,10,0.7082088820181882,0.6893
binary_relevance,Electricity,5,11,0.6651770952021012,0.70785
binary_relevance,Electricity,5,12,0.8073384232359802,0.7566
binary_relevance,Electricity,5,13,0.8132399036691512,0.75715
binary_relevance,Electricity,5,14,0.8122478545412023,0.75465
binary_relevance,Electricity,5,15,0.7963219100148565,0.75505
binary_relevance,Electricity,5,16,0.8145489751896829,0.7473
binary_relevance,Electricity,5,17,0.7951472085665348,0.75665
binary_relevance,Electricity,5,18,0.642891660255151,0.68535
binary_relevance,Electricity,5,19,0.798242899825474,0.75405
binary_relevance,Electricity,5,20,0.7771985654145146,0.74775
binary_relevance,Electricity,5,21,0.8007083568445179,0.7347
binary_relevance,Electricity,5,22,0.7836347867243125,0.7547
binary_relevance,Electricity,5,23,0.7803064887488783,0.7379
binary_relevance,Electricity,5,24,0.5636604400896523,0.64165
binary_relevance,Electricity,5,25,0.807348887724479,0.75625
binary_relevance,Electricity,5,26,0.7902077869292591,0.7469
binary_relevance,Electricity,5,27,0.7927493999883328,0.7519
binary_relevance,Electricity,5,28,0.7960593402305506,0.7494
binary_relevance,Electricity,5,29,0.6162589424412008,0.6933
high_order,Electricity,5,0,0.7557365638468997,0.75185
high_order,Electricity,5,1,0.6686710727201759,0.67795
high_order,Electricity,5,2,0.7577957057398278,0.7502
high_order,Electricity,5,3,0.7600079155721702,0.7517
high_order,Electricity,5,4,0.7600115092304128,0.75735
high_order,Electricity,5,5,0.747549531309594,0.73965
high_order,Electricity,5,6,0.740404282144946,0.74635
high_order,Electricity,5,7,0.752691697037068,0.74635
high_order,Electricity,5,8,0.7607698826917644,0.7548
high_order,Electricity,5,9,0.6586181953487074,0.6937
high_order,Electricity,5,10,0.6847276732821214,0.68525
high_order,Electricity,5,11,0.6801864944463923,0.68475
high_order,Electricity,5,12,0.765986663725588,0.75865
high_order,Electricity,5,13,0.7486775083962233,0.7565
high_order,Electricity,5,14,0.747554244807153,0.74405
high_order,Electricity,5,15,0.7514503332884633,0.75655
high_order,Electricity,5,16,0.7643819919600333,0.7632
high_order,Electricity,5,17,0.7524205168136745,0.75625
high_order,Electricity,5,18,0.6813245277227951,0.6815
high_order,Electricity,5,19,0.7568171041983063,0.75575
high_order,Electricity,5,20,0.7593574382315564,0.7616
high_order,Electricity,5,21,0.765390230340435,0.7561
high_order,Electricity,5,22,0.767071655485779,0.7571
high_order,Electricity,5,23,0.7541361372877844,0.7534
high_order,Electricity,5,24,0.621962306748687,0.6387
high_order,Electricity,5,25,0.7544848026924242,0.76055
high_order,Electricity,5,26,0.7615200874765753,0.75515
high_order,Electricity,5,27,0.7647743503414909,0.7556
high_order,Electricity,5,28,0.7477491682354099,0.75415
high_order,Electricity,5,29,0.6415589524806302,0.67255
margin,LED_a,5,0,0.5272317244945915,0.544
margin,LED_a,5,1,0.46511146576549167,0.40876666666666667
margin,LED_a,5,2,0.5162992893546737,0.5033666666666666
margin,LED_a,5,3,0.5073454821943332,0.499
margin,LED_a,5,4,0.5102859862213455,0.45243333333333335
margin,LED_a,5,5,0.4344690729845703,0.44926666666666665
margin,LED_a,5,6,0.37867940454276977,0.3543
margin,LED_a,5,7,0.41232480749828393,0.43296666666666667
margin,LED_a,5,8,0.5366563028873536,0.4471333333333333
margin,LED_a,5,9,0.46205041740002345,0.48706666666666665
margin,LED_a,5,10,0.438436334646809,0.44243333333333335
margin,LED_a,5,11,0.45063796132801387,0.4799
margin,LED_a,5,12,0.5062537833029012,0.5435333333333333
margin,LED_a,5,13,0.44887396061742985,0.424
margin,LED_a,5,14,0.43069242908114447,0.39136666666666664
margin,LED_a,5,15,0.4537745779763051,0.42843333333333333
margin,LED_a,5,16,0.475367412774308,0.4741
margin,LED_a,5,17,0.4666682061793193,0.4615666666666667
margin,LED_a,5,18,0.4710323769220961,0.4073333333333333
margin,LED_a,5,19,0.483741755213629,0.40476666666666666
margin,LED_a,5,20,0.3937357164779557,0.40496666666666664
margin,LED_a,5,21,0.3887927151147431,0.4055
margin,LED_a,5,22,0.4536343369702627,0.4614666666666667
margin,LED_a,5,23,0.4812272065127021,0.48063333333333336
margin,LED_a,5,24,0.3938901485788557,0.4168
margin,LED_a,5,25,0.46365369331090234,0.44843333333333335
margin,LED_a,5,26,0.42340352528156094,0.40546666666666664
margin,LED_a,5,27,0.5549336172146723,0.5197333333333334
margin,LED_a,5,28,0.4933228443797833,0.549
margin,LED_a,5,29,0.48797860462932874,0.5270666666666667
binary_relevance,LED_a,5,0,0.3849112285788819,0.3775
binary_relevance,LED_a,5,1,0.36412619591553186,0.3833
binary_relevance,LED_a,5,2,0.38104799533421363,0.39285
binary_relevance,LED_a,5,3,0.28104662172833944,0.31485
binary_relevance,LED_a,5,4,0.39343296772840974,0.43865
binary_relevance,LED_a,5,5,0.4410588527365159,0.45095
binary_relevance,LED_a,5,6,0.3896924099227873,0.3579
binary_relevance,LED_a,5,7,0.42314743538535377,0.42955
binary_relevance,LED_a,5,8,0.5011764506115477,0.4509
binary_relevance,LED_a,5,9,0.40745183226180864,0.39685
binary_relevance,LED_a,5,10,0.43458893690222483,0.416
binary_relevance,LED_a,5,11,0.5238014443256231,0.48215
binary_relevance,LED_a,5,12,0.46592305406731466,0.46685
binary_relevance,LED_a,5,13,0.46887700829443757,0.42955
binary_relevance,LED_a,5,14,0.4957420389316198,0.3925
binary_relevance,LED_a,5,15,0.40316675658232487,0.382
binary_relevance,LED_a,5,16,0.4140753679132789,0.44115
binary_relevance,LED_a,5,17,0.4244621252382389,0.4151
binary_relevance,LED_a,5,18,0.4034295069958699,0.43265
binary_relevance,LED_a,5,19,0.43113092465616065,0.4307
binary_relevance,LED_a,5,20,0.2643789325803385,0.29685
binary_relevance,LED_a,5,21,0.39118229536570565,0.39275
binary_relevance,LED_a,5,22,0.3112108788043802,0.30295
binary_relevance,LED_a,5,23,0.4778941394833849,0.5055
binary_relevance,LED_a,5,24,0.42326942691246294,0.4212
binary_relevance,LED_a,5,25,0.40399323095780704,0.4112
binary_relevance,LED_a,5,26,0.33504344358902965,0.33915
binary_relevance,LED_a,5,27,0.4140166846823956,0.42485
binary_relevance,LED_a,5,28,0.5314242830604059,0.5661
binary_relevance,LED_a,5,29,0.43396520812499,0.4312
high_order,LED_a,5,0,0.5225701199996904,0.53515
high_order,LED_a,5,1,0.5264688258285982,0.53845
high_order,LED_a,5,2,0.45633250871488307,0.4551
high_order,LED_a,5,3,0.47788795400707595,0.4875
high_order,LED_a,5,4,0.4496131507399836,0.4635
high_order,LED_a,5,5,0.39953441078403884,0.406
high_order,LED_a,5,6,0.5004015885616891,0.50525
high_order,LED_a,5,7,0.4340209890529583,0.42825
high_order,LED_a,5,8,0.4426081971913423,0.45855
high_order,LED_a,5,9,0.4629978470030077,0.4868
high_order,LED_a,5,10,0.41651115301585223,0.4241
high_order,LED_a,5,11,0.5011893439351119,0.50025
high_order,LED_a,5,12,0.47093981662530987,0.47385
high_order,LED_a,5,13,0.44879077781606375,0.44775
high_order,LED_a,5,14,0.404833270520562,0.40255
high_order,LED_a,5,15,0.37496814693743624,0.37335
high_order,LED_a,5,16,0.4682554683043576,0.47655
high_order,LED_a,5,17,0.44056487015836976,0.4467
high_order,LED_a,5,18,0.40616101638306734,0.4033
high_order,LED_a,5,19,0.41008298479823324,0.41355
high_order,LED_a,5,20,0.46576919661787125,0.45685
high_order,LED_a,5,21,0.4132833271717396,0.41605
high_order,LED_a,5,22,0.3917391359705504,0.3883
high_order,LED_a,5,23,0.4810829616564808,0.5017
high_order,LED_a,5,24,0.45713394823307707,0.45335
high_order,LED_a,5,25,0.434864783971147,0.435
high_order,LED_a,5,26,0.4828828017133797,0.49185
high_order,LED_a,5,27,0.5070621613888759,0.5154
high_order,LED_a,5,28,0.5434503758026608,0.55965
high_order,LED_a,5,29,0.5142147670748816,0.5187
margin,LED_g,5,0,0.48898044091669046,0.4745666666666667
margin,LED_g,5,1,0.49144569006435657,0.4608
margin,LED_g,5,2,0.5318943430970233,0.4358666666666667
margin,LED_g,5,3,0.47116759988229073,0.43753333333333333
margin,LED_g,5,4,0.38351429309436064,0.39436666666666664
margin,LED_g,5,5,0.48471968993787706,0.4634
margin,LED_g,5,6,0.3510089401415018,0.3133
margin,LED_g,5,7,0.42382385421241947,0.42346666666666666
margin,LED_g,5,8,0.4520984894269049,0.40596666666666664
margin,LED_g,5,9,0.5453915913882309,0.5252
margin,LED_g,5,10,0.4077511556919371,0.3821
margin,LED_g,5,11,0.4344590954563274,0.41656666666666664
margin,LED_g,5,12,0.47956566772682563,0.42906666666666665
margin,LED_g,5,13,0.39220198353361235,0.3479333333333333
margin,LED_g,5,14,0.3131675158803235,0.3277
margin,LED_g,5,15,0.42194308966352845,0.3933
margin,LED_g,5,16,0.46688227121371567,0.3859
margin,LED_g,5,17,0.4661026022748634,0.4274
margin,LED_g,5,18,0.3844913757344007,0.3798666666666667
margin,LED_g,5,19,0.47188913796073967,0.43496666666666667
margin,LED_g,5,20,0.422940123065832,0.3686
margin,LED_g,5,21,0.4280417738692657,0.4377666666666667
margin,LED_g,5,22,0.40601265814554255,0.35536666666666666
margin,LED_g,5,23,0.4980250971023304,0.47856666666666664
margin,LED_g,5,24,0.3746005189309115,0.36796666666666666
margin,LED_g,5,25,0.45047601083397626,0.4367333333333333
margin,LED_g,5,26,0.45831195113413875,0.45436666666666664
margin,LED_g,5,27,0.41182985120309096,0.3692666666666667
margin,LED_g,5,28,0.4763772281998424,0.4605666666666667
margin,LED_g,5,29,0.5201252680674557,0.467
binary_relevance,LED_g,5,0,0.45461168243011363,0.4485
binary_relevance,LED_g,5,1,0.33129236453550337,0.36415
binary_relevance,LED_g,5,2,0.38592273293838,0.3943
binary_relevance,LED_g,5,3,0.42898189538638487,0.46615
binary_relevance,LED_g,5,4,0.4118489356622859,0.42265
binary_relevance,LED_g,5,5,0.38113611806689734,0.35705
binary_relevance,LED_g,5,6,0.3408865640255134,0.3195
binary_relevance,LED_g,5,7,0.4632108052089536,0.4652
binary_relevance,LED_g,5,8,0.4898918366660303,0.43615
binary_relevance,LED_g,5,9,0.4289026072428646,0.40615
binary_relevance,LED_g,5,10,0.39738781864408457,0.3692
binary_relevance,LED_g,5,11,0.4726492765739225,0.43045
binary_relevance,LED_g,5,12,0.44454030255471255,0.443
binary_relevance,LED_g,5,13,0.417549493871899,0.33735
binary_relevance,LED_g,5,14,0.42954749041715984,0.30715
binary_relevance,LED_g,5,15,0.3399982544089473,0.3315
binary_relevance,LED_g,5,16,0.4264267464345929,0.4272
binary_relevance,LED_g,5,17,0.43187352022950964,0.39945
binary_relevance,LED_g,5,18,0.3985675243605863,0.40265
binary_relevance,LED_g,5,19,0.46847035731104625,0.4393
binary_relevance,LED_g,5,20,0.3522974974919781,0.42355
binary_relevance,LED_g,5,21,0.3661536558392895,0.34735
binary_relevance,LED_g,5,22,0.30312747104239224,0.35655
binary_relevance,LED_g,5,23,0.39867440129251347,0.4131
binary_relevance,LED_g,5,24,0.47043912828028445,0.48535
binary_relevance,LED_g,5,25,0.3898655924859216,0.4038
binary_relevance,LED_g,5,26,0.3762277791894077,0.3581
binary_relevance,LED_g,5,27,0.42087786870708477,0.44345
binary_relevance,LED_g,5,28,0.4818722481485037,0.48955
binary_relevance,LED_g,5,29,0.44784813297702497,0.4104
high_order,LED_g,5,0,0.3740234072755774,0.37235
high_order,LED_g,5,1,0.43437923365126335,0.42475
high_order,LED_g,5,2,0.3365741216486389,0.3398
high_order,LED_g,5,3,0.4458726296073095,0.4474
high_order,LED_g,5,4,0.3797889674375198,0.3731
high_order,LED_g,5,5,0.3873805174794451,0.39335
high_order,LED_g,5,6,0.31565370453051766,0.3126
high_order,LED_g,5,7,0.3946380677470372,0.37815
high_order,LED_g,5,8,0.40697269011268583,0.42015
high_order,LED_g,5,9,0.4428067671588944,0.43005
high_order,LED_g,5,10,0.3700268763809126,0.37445
high_order,LED_g,5,11,0.41881269811203453,0.40535
high_order,LED_g,5,12,0.42133217992531297,0.4253
high_order,LED_g,5,13,0.3391472229996909,0.34085
high_order,LED_g,5,14,0.3287816993057648,0.323
high_order,LED_g,5,15,0.34442882003975955,0.3443
high_order,LED_g,5,16,0.4340162233038725,0.4339
high_order,LED_g,5,17,0.345066333718539,0.35745
high_order,LED_g,5,18,0.46629388628660534,0.46615
high_order,LED_g,5,19,0.3953649674353499,0.3918
high_order,LED_g,5,20,0.41538526413458987,0.40715
high_order,LED_g,5,21,0.37300064622981555,0.3779
high_order,LED_g,5,22,0.36238795989649397,0.36875
high_order,LED_g,5,23,0.469405605612692,0.46695
high_order,LED_g,5,24,0.4355080554996194,0.441
high_order,LED_g,5,25,0.47932325678210264,0.4839
high_order,LED_g,5,26,0.40008382305248885,0.41155
high_order,LED_g,5,27,0.48050059849202614,0.468
high_order,LED_g,5,28,0.48926879034293214,0.4828
high_order,LED_g,5,29,0.4205088660727346,0.4201
margin,RBF_f,5,0,0.668677955621544,0.628
margin,RBF_f,5,1,0.48774635798872346,0.5389666666666667
margin,RBF_f,5,2,0.6102257110522589,0.5788
margin,RBF_f,5,3,0.5329243480921197,0.5545333333333333
margin,RBF_f,5,4,0.6037167651821144,0.6001666666666666
margin,RBF_f,5,5,0.6766202688799254,0.6385
margin,RBF_f,5,6,0.6146221553386747,0.5794666666666667
margin,RBF_f,5,7,0.6397130226736462,0.6174666666666667
margin,RBF_f,5,8,0.6816248897360313,0.646
margin,RBF_f,5,9,0.5910572529230659,0.5878
margin,RBF_f,5,10,0.6428051603997623,0.6177666666666667
margin,RBF_f,5,11,0.5846252991802335,0.5920333333333333
margin,RBF_f,5,12,0.6930831194330996,0.6369
margin,RBF_f,5,13,0.544320413485587,0.5669666666666666
margin,RBF_f,5,14,0.6405179298642477,0.6131333333333333
margin,RBF_f,5,15,0.5913887658925238,0.6023
margin,RBF_f,5,16,0.6678523750584107,0.6377666666666667
margin,RBF_f,5,17,0.6902625160678406,0.6368666666666667
margin,RBF_f,5,18,0.6065146338767035,0.6118666666666667
margin,RBF_f,5,19,0.6011253724264579,0.5906666666666667
margin,RBF_f,5,20,0.6602400918951391,0.6404333333333333
margin,RBF_f,5,21,0.5908409276249942,0.5908666666666667
margin,RBF_f,5,22,0.6250120976910057,0.6400666666666667
margin,RBF_f,5,23,0.6616576880976744,0.6262666666666666
margin,RBF_f,5,24,0.6754329996262824,0.6605333333333333
margin,RBF_f,5,25,0.6099871610684231,0.5846666666666667
margin,RBF_f,5,26,0.6238108837978531,0.6056666666666667
margin,RBF_f,5,27,0.5736908659042497,0.5845
margin,RBF_f,5,28,0.6344918314866905,0.6112
margin,RBF_f,5,29,0.6729862457979061,0.6168666666666667
binary_relevance,RBF_f,5,0,0.6139813646339433,0.6233
binary_relevance,RBF_f,5,1,0.5799769793373267,0.58565
binary_relevance,RBF_f,5,2,0.5404810042693806,0.53785
binary_relevance,RBF_f,5,3,0.5620132214238556,0.5932
binary_relevance,RBF_f,5,4,0.5727110549570397,0.60545
binary_relevance,RBF_f,5,5,0.6082899529750389,0.64665
binary_relevance,RBF_f,5,6,0.5534801937807946,0.58435
binary_relevance,RBF_f,5,7,0.5805735550540098,0.5932
binary_relevance,RBF_f,5,8,0.6455617840971665,0.66435
binary_relevance,RBF_f,5,9,0.6387161570317418,0.62335
binary_relevance,RBF_f,5,10,0.5914062676340627,0.5913
binary_relevance,RBF_f,5,11,0.5973817532420955,0.58345
binary_relevance,RBF_f,5,12,0.5628343866609407,0.59
binary_relevance,RBF_f,5,13,0.5685253271288266,0.59775
binary_relevance,RBF_f,5,14,0.5866797889979942,0.60805
binary_relevance,RBF_f,5,15,0.5768681128955323,0.6043
binary_relevance,RBF_f,5,16,0.6312736096351271,0.6488
binary_relevance,RBF_f,5,17,0.6229300479465509,0.6333
binary_relevance,RBF_f,5,18,0.5748826156862694,0.5878
binary_relevance,RBF_f,5,19,0.6024288364383721,0.62865
binary_relevance,RBF_f,5,20,0.6316610693272575,0.643
binary_relevance,RBF_f,5,21,0.584700599084247,0.57665
binary_relevance,RBF_f,5,22,0.6178745839286739,0.63305
binary_relevance,RBF_f,5,23,0.5986121140343216,0.6459
binary_relevance,RBF_f,5,24,0.6269268347385322,0.6633
binary_relevance,RBF_f,5,25,0.6551513632377215,0.64065
binary_relevance,RBF_f,5,26,0.5988651563165563,0.6144
binary_relevance,RBF_f,5,27,0.5778651717611101,0.611
binary_relevance,RBF_f,5,28,0.5623377531521226,0.55945
binary_relevance,RBF_f,5,29,0.6086643566229958,0.61835
high_order,RBF_f,5,0,0.6017945961829566,0.6054
high_order,RBF_f,5,1,0.6026691541820066,0.5859
high_order,RBF_f,5,2,0.558256596481218,0.5612
high_order,RBF_f,5,3,0.5742736895695096,0.5619
high_order,RBF_f,5,4,0.5981554867680418,0.59015
high_order,RBF_f,5,5,0.6588950285681989,0.6447
high_order,RBF_f,5,6,0.5689582819176722,0.57125
high_order,RBF_f,5,7,0.616991503551742,0.60385
high_order,RBF_f,5,8,0.6573226920767687,0.64725
high_order,RBF_f,5,9,0.6194258285076824,0.62365
high_order,RBF_f,5,10,0.5694918217007071,0.5628
high_order,RBF_f,5,11,0.6493056470317999,0.64435
high_order,RBF_f,5,12,0.6155467986005358,0.61305
high_order,RBF_f,5,13,0.5880042685901979,0.5873
high_order,RBF_f,5,14,0.6126148902770597,0.58895
high_order,RBF_f,5,15,0.6425405964831138,0.6409
high_order,RBF_f,5,16,0.6494471849139314,0.6425
high_order,RBF_f,5,17,0.6513703540598043,0.6461
high_order,RBF_f,5,18,0.6145804559808224,0.6108
high_order,RBF_f,5,19,0.5925320627862704,0.59775
high_order,RBF_f,5,20,0.6086897263258696,0.6012
high_order,RBF_f,5,21,0.5979861700466368,0.59465
high_order,RBF_f,5,22,0.6429507543266285,0.6305
high_order,RBF_f,5,23,0.6490681599439587,0.65305
high_order,RBF_f,5,24,0.6655311482021585,0.6605
high_order,RBF_f,5,25,0.6572264175517717,0.646
high_order,RBF_f,5,26,0.6314241100790677,0.62575
high_order,RBF_f,5,27,0.6698595877291634,0.65925
high_order,RBF_f,5,28,0.5414280836768681,0.52815
high_order,RBF_f,5,29,0.5943276229503739,0.5899
margin,RBF_m,5,0,0.6138850130169817,0.6082333333333333
margin,RBF_m,5,1,0.5620222452103413,0.5782
margin,RBF_m,5,2,0.6060678719550945,0.6266666666666667
margin,RBF_m,5,3,0.6487335227092825,0.6122666666666666
margin,RBF_m,5,4,0.6274123191653438,0.6087666666666667
margin,RBF_m,5,5,0.6850493359402504,0.6458
margin,RBF_m,5,6,0.6570437962648323,0.6160333333333333
margin,RBF_m,5,7,0.6124556761386813,0.6195333333333334
margin,RBF_m,5,8,0.6396410413956289,0.6220333333333333
margin,RBF_m,5,9,0.6104887340263401,0.5986333333333334
margin,RBF_m,5,10,0.6353726045665004,0.6230333333333333
margin,RBF_m,5,11,0.6277950536227979,0.6314
margin,RBF_m,5,12,0.6194416100288812,0.5983666666666667
margin,RBF_m,5,13,0.6334054821781445,0.5954666666666667
margin,RBF_m,5,14,0.5581691118734918,0.5855333333333334
margin,RBF_m,5,15,0.6249764480535901,0.6040333333333333
margin,RBF_m,5,16,0.6822857501733542,0.6386333333333334
margin,RBF_m,5,17,0.6329838293668094,0.5765666666666667
margin,RBF_m,5,18,0.5889935220419577,0.5722
margin,RBF_m,5,19,0.5628127056302411,0.5744
margin,RBF_m,5,20,0.5991887296282645,0.5856333333333333
margin,RBF_m,5,21,0.5954822178547743,0.5893666666666667
margin,RBF_m,5,22,0.6322322177510733,0.6024333333333334
margin,RBF_m,5,23,0.5330481622514553,0.5926
margin,RBF_m,5,24,0.6436115994795252,0.6179
margin,RBF_m,5,25,0.5932788915258377,0.5835333333333333
margin,RBF_m,5,26,0.5182605124585588,0.5665
margin,RBF_m,5,27,0.6501139285991387,0.6206
margin,RBF_m,5,28,0.6306294857385014,0.6106333333333334
margin,RBF_m,5,29,0.5615038846656344,0.5515333333333333
binary_relevance,RBF_m,5,0,0.63219578412443,0.66705
binary_relevance,RBF_m,5,1,0.6169663000071919,0.63705
binary_relevance,RBF_m,5,2,0.6328310842773299,0.66325
binary_relevance,RBF_m,5,3,0.5892803673040775,0.6079
binary_relevance,RBF_m,5,4,0.6145956785320754,0.66835
binary_relevance,RBF_m,5,5,0.6624253040226159,0.6887
binary_relevance,RBF_m,5,6,0.6244752605703373,0.65495
binary_relevance,RBF_m,5,7,0.5948395167503804,0.59705
binary_relevance,RBF_m,5,8,0.6248772285618759,0.62415
binary_relevance,RBF_m,5,9,0.6510426002939378,0.6735
binary_relevance,RBF_m,5,10,0.6616408396149822,0.6835
binary_relevance,RBF_m,5,11,0.6466056097646231,0.6458
binary_relevance,RBF_m,5,12,0.59901655704186,0.6185
binary_relevance,RBF_m,5,13,0.5820408654460435,0.60095
binary_relevance,RBF_m,5,14,0.5695988519393976,0.60845
binary_relevance,RBF_m,5,15,0.6125337126706776,0.63
binary_relevance,RBF_m,5,16,0.6365634148012083,0.6711
binary_relevance,RBF_m,5,17,0.5804409012378101,0.62555
binary_relevance,RBF_m,5,18,0.5735157447881296,0.5795
binary_relevance,RBF_m,5,19,0.5839147380053077,0.6165
binary_relevance,RBF_m,5,20,0.576759003762298,0.5868
binary_relevance,RBF_m,5,21,0.6532084759868063,0.66345
binary_relevance,RBF_m,5,22,0.6270174418114398,0.66265
binary_relevance,RBF_m,5,23,0.609176034064866,0.62475
binary_relevance,RBF_m,5,24,0.646851715319481,0.6783
binary_relevance,RBF_m,5,25,0.6522382860910919,0.6763
binary_relevance,RBF_m,5,26,0.5738397430934694,0.57905
binary_relevance,RBF_m,5,27,0.5706842375233676,0.5728
binary_relevance,RBF_m,5,28,0.5900850564763332,0.5926
binary_relevance,RBF_m,5,29,0.6020774267386647,0.6228
high_order,RBF_m,5,0,0.6274577751337435,0.61145
high_order,RBF_m,5,1,0.6043345314233332,0.60185
high_order,RBF_m,5,2,0.604444212498446,0.59325
high_order,RBF_m,5,3,0.5915924950691464,0.59415
high_order,RBF_m,5,4,0.5781329957524431,0.56055
high_order,RBF_m,5,5,0.6379916400313145,0.6418
high_order,RBF_m,5,6,0.5875169566723867,0.58615
high_order,RBF_m,5,7,0.622874950463546,0.6227
high_order,RBF_m,5,8,0.6465033525065752,0.62755
high_order,RBF_m,5,9,0.6690011399517767,0.6665
high_order,RBF_m,5,10,0.6373936683015432,0.63845
high_order,RBF_m,5,11,0.6107141602509423,0.61185
high_order,RBF_m,5,12,0.58363995013737,0.5694
high_order,RBF_m,5,13,0.5617540429226879,0.5574
high_order,RBF_m,5,14,0.6111964615677483,0.61165
high_order,RBF_m,5,15,0.6030502427686472,0.6033
high_order,RBF_m,5,16,0.618951455071033,0.609
high_order,RBF_m,5,17,0.6290977141969372,0.60755
high_order,RBF_m,5,18,0.6145250845878035,0.60785
high_order,RBF_m,5,19,0.5769256732892478,0.5772
high_order,RBF_m,5,20,0.6331041016087402,0.6049
high_order,RBF_m,5,21,0.6322236967949779,0.62715
high_order,RBF_m,5,22,0.5967391517374665,0.58375
high_order,RBF_m,5,23,0.6158092040041171,0.6111
high_order,RBF_m,5,24,0.6198706029786728,0.6063
high_order,RBF_m,5,25,0.5668357736073202,0.57255
high_order,RBF_m,5,26,0.6278754661444109,0.6058
high_order,RBF_m,5,27,0.600294605280133,0.588
high_order,RBF_m,5,28,0.6410889481443912,0.6361
high_order,RBF_m,5,29,0.5847048766373307,0.5932
margin,airlines,5,0,0.5050933280235758,0.5721333333333334
margin,airlines,5,1,0.46599433198066353,0.5774
margin,airlines,5,2,0.5921337068776037,0.6011666666666666
margin,airlines,5,3,0.6080783505949762,0.6043666666666667
margin,airlines,5,4,0.5739180907307121,0.6025666666666667
margin,airlines,5,5,0.5731662421102168,0.6085333333333334
margin,airlines,5,6,0.48647365157935735,0.5805333333333333
margin,airlines,5,7,0.5535838912069512,0.5775
margin,airlines,5,8,0.6031386105103025,0.5833666666666667
margin,airlines,5,9,0.49383708160041134,0.5736666666666667
margin,airlines,5,10,0.5542550685811589,0.5892
margin,airlines,5,11,0.5538047408682611,0.5772
margin,airlines,5,12,0.5750096312716434,0.5971666666666666
margin,airlines,5,13,0.569491498587161,0.5884333333333334
margin,airlines,5,14,0.5517238158120914,0.5888666666666666
margin,airlines,5,15,0.5388369574649647,0.6002
margin,airlines,5,16,0.537870166634842,0.5917
margin,airlines,5,17,0.45841023707220374,0.5774333333333334
margin,airlines,5,18,0.5101149136812106,0.5791666666666667
margin,airlines,5,19,0.5597625277216275,0.5839333333333333
margin,airlines,5,20,0.5681543492242539,0.5746
margin,airlines,5,21,0.48165257344898393,0.5825
margin,airlines,5,22,0.5888439147251093,0.5874333333333334
margin,airlines,5,23,0.5876530324294698,0.6085
margin,airlines,5,24,0.587331899250193,0.5771
margin,airlines,5,25,0.44582920570653756,0.5805666666666667
margin,airlines,5,26,0.5451839434191842,0.6097333333333333
margin,airlines,5,27,0.5347028544602448,0.5928
margin,airlines,5,28,0.5642191978719929,0.5931333333333333
margin,airlines,5,29,0.47225589087956543,0.5828333333333333
binary_relevance,airlines,5,0,0.6014070656369248,0.59375
binary_relevance,airlines,5,1,0.5921673725784357,0.5734
binary_relevance,airlines,5,2,0.6030507689044892,0.5798
binary_relevance,airlines,5,3,0.6216622691071232,0.59115
binary_relevance,airlines,5,4,0.5934207970358661,0.57085
binary_relevance,airlines,5,5,0.6011314494854232,0.5794
binary_relevance,airlines,5,6,0.595954589641252,0.5826
binary_relevance,airlines,5,7,0.619656344852324,0.60505
binary_relevance,airlines,5,8,0.5723666444363025,0.56545
binary_relevance,airlines,5,9,0.5790277409192451,0.5785
binary_relevance,airlines,5,10,0.5796539539896639,0.57155
binary_relevance,airlines,5,11,0.5969546423631197,0.5945
binary_relevance,airlines,5,12,0.598529821698532,0.5805
binary_relevance,airlines,5,13,0.6037005479076266,0.59015
binary_relevance,airlines,5,14,0.5928266609767223,0.57955
binary_relevance,airlines,5,15,0.5719816863911076,0.5683
binary_relevance,airlines,5,16,0.6036193625692711,0.60115
binary_relevance,airlines,5,17,0.5914972584798557,0.58535
binary_relevance,airlines,5,18,0.5894640283112088,0.57095
binary_relevance,airlines,5,19,0.5952421954847691,0.57855
binary_relevance,airlines,5,20,0.5679075861736508,0.56455
binary_relevance,airlines,5,21,0.6282019247324926,0.6106
binary_relevance,airlines,5,22,0.5935011092591371,0.59205
binary_relevance,airlines,5,23,0.5873772119741602,0.5741
binary_relevance,airlines,5,24,0.6029929627313263,0.5796
binary_relevance,airlines,5,25,0.6045081292059649,0.57845
binary_relevance,airlines,5,26,0.5954855478400461,0.5806
binary_relevance,airlines,5,27,0.60615401043062,0.60505
binary_relevance,airlines,5,28,0.6156122272310502,0.60495
binary_relevance,airlines,5,29,0.6220904143960188,0.6066
high_order,airlines,5,0,0.5754916393598541,0.57475
high_order,airlines,5,1,0.5912840816590935,0.5949
high_order,airlines,5,2,0.5829325885482133,0.58715
high_order,airlines,5,3,0.6038976098345593,0.5983
high_order,airlines,5,4,0.5863087457323447,0.5803
high_order,airlines,5,5,0.5936259507505223,0.59425
high_order,airlines,5,6,0.5676039836658548,0.57255
high_order,airlines,5,7,0.576801905931905,0.57825
high_order,airlines,5,8,0.5796843404157087,0.58945
high_order,airlines,5,9,0.5760019761548054,0.5754
high_order,airlines,5,10,0.5762945648163557,0.5805
high_order,airlines,5,11,0.5897054889662191,0.59055
high_order,airlines,5,12,0.570164727652818,0.5675
high_order,airlines,5,13,0.5687647465571761,0.57345
high_order,airlines,5,14,0.5764015677871183,0.5753
high_order,airlines,5,15,0.5767215042868629,0.578
high_order,airlines,5,16,0.5757727291766555,0.5755
high_order,airlines,5,17,0.5773897479701787,0.57965
high_order,airlines,5,18,0.5849873876702041,0.58165
high_order,airlines,5,19,0.5654932281086221,0.5644
high_order,airlines,5,20,0.5751592728549615,0.58025
high_order,airlines,5,21,0.5719587153863162,0.57415
high_order,airlines,5,22,0.5793241140566766,0.58025
high_order,airlines,5,23,0.5821640495209023,0.58815
high_order,airlines,5,24,0.5934138018002734,0.59015
high_order,airlines,5,25,0.575077898555994,0.58175
high_order,airlines,5,26,0.5652248596873134,0.5644
high_order,airlines,5,27,0.5691132652731612,0.57415
high_order,airlines,5,28,0.5726578592507169,0.58115
high_order,airlines,5,29,0.5750841304846108,0.57755
binary_relevance,AGR_a,1,0,0.6079245342366397,0.53625
binary_relevance,AGR_a,1,1,0.6207251860484481,0.5703
binary_relevance,AGR_a,1,2,0.8508553673952818,0.6101
binary_relevance,AGR_a,1,3,0.8459806312710046,0.60095
binary_relevance,AGR_a,1,4,0.5958564139939845,0.5484
binary_relevance,AGR_a,1,5,0.8057780378878117,0.6006
binary_relevance,AGR_a,1,6,0.8591640979796648,0.6518
binary_relevance,AGR_a,1,7,0.8402413721621037,0.5962
binary_relevance,AGR_a,1,8,0.848628856664896,0.63425
binary_relevance,AGR_a,1,9,0.8485487272143364,0.6169
binary_relevance,AGR_a,1,10,0.8450269259929657,0.6064
binary_relevance,AGR_a,1,11,0.6221374621457886,0.55105
binary_relevance,AGR_a,1,12,0.8182201990634203,0.59575
binary_relevance,AGR_a,1,13,0.5856440012902021,0.56925
binary_relevance,AGR_a,1,14,0.6258329197928775,0.54805
binary_relevance,AGR_a,1,15,0.8565391405642032,0.63655
binary_relevance,AGR_a,1,16,0.614299210254103,0.57035
binary_relevance,AGR_a,1,17,0.8521944248348474,0.60515
binary_relevance,AGR_a,1,18,0.7987287124991417,0.5921
binary_relevance,AGR_a,1,19,0.5861494626879692,0.55025
binary_relevance,AGR_a,1,20,0.6330779191046954,0.5714
binary_relevance,AGR_a,1,21,0.6113315129913389,0.5378
binary_relevance,AGR_a,1,22,0.8290357732653618,0.59125
binary_relevance,AGR_a,1,23,0.7963980183511973,0.59635
binary_relevance,AGR_a,1,24,0.6255358990199864,0.5698
binary_relevance,AGR_a,1,25,0.6008975604169071,0.54305
binary_relevance,AGR_a,1,26,0.8538986390382052,0.6306
binary_relevance,AGR_a,1,27,0.6357693518407643,0.5746
binary_relevance,AGR_a,1,28,0.5952513254005461,0.5711
binary_relevance,AGR_a,1,29,0.5800841618388891,0.54365
high_order,AGR_a,1,0,0.5270556840036065,0.55665
high_order,AGR_a,1,1,0.5329872196715325,0.5503
high_order,AGR_a,1,2,0.6417161588564515,0.61275
high_order,AGR_a,1,3,0.6211434652268887,0.5976
high_order,AGR_a,1,4,0.5226555226381868,0.54805
high_order,AGR_a,1,5,0.5887852106226609,0.59905
high_order,AGR_a,1,6,0.6523429148221388,0.6312
high_order,AGR_a,1,7,0.6385718624906614,0.59735
high_order,AGR_a,1,8,0.669610183209367,0.65525
high_order,AGR_a,1,9,0.6075619690746069,0.60415
high_order,AGR_a,1,10,0.6143620593911037,0.60145
high_order,AGR_a,1,11,0.5499759675923734,0.55535
high_order,AGR_a,1,12,0.6194459654470905,0.6064
high_order,AGR_a,1,13,0.5715417670985684,0.579
high_order,AGR_a,1,14,0.5680346495904028,0.56455
high_order,AGR_a,1,15,0.6728094801383093,0.6739
high_order,AGR_a,1,16,0.532194057369791,0.5285
high_order,AGR_a,1,17,0.621150008915551,0.61175
high_order,AGR_a,1,18,0.6066264412829653,0.58585
high_order,AGR_a,1,19,0.5489732485707849,0.57275
high_order,AGR_a,1,20,0.5714154745742679,0.5579
high_order,AGR_a,1,21,0.5223310417836532,0.5324
high_order,AGR_a,1,22,0.6216028415648267,0.6005
high_order,AGR_a,1,23,0.6123533731512726,0.60945
high_order,AGR_a,1,24,0.5562391928002238,0.5701
high_order,AGR_a,1,25,0.5366875377571211,0.52985
high_order,AGR_a,1,26,0.6651517712367698,0.63015
high_order,AGR_a,1,27,0.5814919954042882,0.57345
high_order,AGR_a,1,28,0.5343871023824438,0.54215
high_order,AGR_a,1,29,0.5392553572246804,0.5385
binary_relevance,AGR_g,1,0,0.6067672695957125,0.58495
binary_relevance,AGR_g,1,1,0.6085363972646184,0.6115
binary_relevance,AGR_g,1,2,0.86073479360044,0.67485
binary_relevance,AGR_g,1,3,0.8526428931385279,0.667
binary_relevance,AGR_g,1,4,0.576552820199728,0.591
binary_relevance,AGR_g,1,5,0.8060615578740835,0.65025
binary_relevance,AGR_g,1,6,0.8527360988885164,0.63965
binary_relevance,AGR_g,1,7,0.8502021467268467,0.65975
binary_relevance,AGR_g,1,8,0.8482917765676975,0.66325
binary_relevance,AGR_g,1,9,0.8377923399955034,0.6532
binary_relevance,AGR_g,1,10,0.8436908526837826,0.666
binary_relevance,AGR_g,1,11,0.6184940491584595,0.61905
binary_relevance,AGR_g,1,12,0.8255215248823166,0.64475
binary_relevance,AGR_g,1,13,0.5855991932660342,0.6116
binary_relevance,AGR_g,1,14,0.6286126745076385,0.58865
binary_relevance,AGR_g,1,15,0.8614370549470186,0.70115
binary_relevance,AGR_g,1,16,0.6093417454466223,0.5882
binary_relevance,AGR_g,1,17,0.8450763859808444,0.6505
binary_relevance,AGR_g,1,18,0.8058897094726563,0.64465
binary_relevance,AGR_g,1,19,0.5958396051526069,0.5997
binary_relevance,AGR_g,1,20,0.6366719500094652,0.5888
binary_relevance,AGR_g,1,21,0.5928073684442788,0.57395
binary_relevance,AGR_g,1,22,0.828203773456812,0.635
binary_relevance,AGR_g,1,23,0.7885987251043319,0.6615
binary_relevance,AGR_g,1,24,0.6184299350738526,0.60425
binary_relevance,AGR_g,1,25,0.6040013287285692,0.592
binary_relevance,AGR_g,1,26,0.8420445291459561,0.68175
binary_relevance,AGR_g,1,27,0.6296746103428305,0.59575
binary_relevance,AGR_g,1,28,0.5933385785922408,0.59615
binary_relevance,AGR_g,1,29,0.5916611881889403,0.57545
high_order,AGR_g,1,0,0.5667305444758386,0.59365
high_order,AGR_g,1,1,0.6107991331743077,0.6079
high_order,AGR_g,1,2,0.7057036862740294,0.6613
high_order,AGR_g,1,3,0.6706198996305466,0.66505
high_order,AGR_g,1,4,0.5704896260851994,0.59855
high_order,AGR_g,1,5,0.6119793236518278,0.6382
high_order,AGR_g,1,6,0.7020761712621898,0.67785
high_order,AGR_g,1,7,0.6887296896524727,0.66325
high_order,AGR_g,1,8,0.6847272386619822,0.6852
high_order,AGR_g,1,9,0.6546066941836849,0.6456
high_order,AGR_g,1,10,0.6415039832608774,0.6431
high_order,AGR_g,1,11,0.6104116234753281,0.60725
high_order,AGR_g,1,12,0.6452449234489351,0.6477
high_order,AGR_g,1,13,0.5888950475571677,0.6045
high_order,AGR_g,1,14,0.6235361490475014,0.613
high_order,AGR_g,1,15,0.7050558864701539,0.6953
high_order,AGR_g,1,16,0.5724709991255775,0.58735
high_order,AGR_g,1,17,0.674111424558051,0.6257
high_order,AGR_g,1,18,0.6858540102593601,0.66255
high_order,AGR_g,1,19,0.6005740371312946,0.60825
high_order,AGR_g,1,20,0.6014779860930517,0.5856
high_order,AGR_g,1,21,0.5813951072920114,0.592
high_order,AGR_g,1,22,0.6629369414094836,0.6404
high_order,AGR_g,1,23,0.6804123959360644,0.64955
high_order,AGR_g,1,24,0.5730685526957735,0.57755
high_order,AGR_g,1,25,0.6178512057347223,0.6294
high_order,AGR_g,1,26,0.6621228180510923,0.6695
high_order,AGR_g,1,27,0.5893442422775552,0.60255
high_order,AGR_g,1,28,0.5892414117818698,0.6047
high_order,AGR_g,1,29,0.6070941890478134,0.62055
binary_relevance,CovtFD,1,0,0.6134966152505276,0.6474
binary_relevance,CovtFD,1,1,0.6620618246548421,0.65675
binary_relevance,CovtFD,1,2,0.6418171111825989,0.63555
binary_relevance,CovtFD,1,3,0.6492467435304655,0.62245
binary_relevance,CovtFD,1,4,0.6185592425662315,0.62355
binary_relevance,CovtFD,1,5,0.6647078859844842,0.64565
binary_relevance,CovtFD,1,6,0.6598606317046014,0.6432
binary_relevance,CovtFD,1,7,0.6314540369093037,0.62515
binary_relevance,CovtFD,1,8,0.6710231330528871,0.62335
binary_relevance,CovtFD,1,9,0.6358002133106968,0.65585
binary_relevance,CovtFD,1,10,0.7073476472070235,0.63465
binary_relevance,CovtFD,1,11,0.6246616993253801,0.6291
binary_relevance,CovtFD,1,12,0.5961647361081884,0.6249
binary_relevance,CovtFD,1,13,0.6255255815783799,0.62885
binary_relevance,CovtFD,1,14,0.5812530479378922,0.6173
binary_relevance,CovtFD,1,15,0.5263632782271891,0.6226
binary_relevance,CovtFD,1,16,0.576098016614014,0.64955
binary_relevance,CovtFD,1,17,0.6760687450811735,0.63155
binary_relevance,CovtFD,1,18,0.6615759841825861,0.6261
binary_relevance,CovtFD,1,19,0.6564098202792639,0.64825
binary_relevance,CovtFD,1,20,0.6415734582851793,0.6421
binary_relevance,CovtFD,1,21,0.6361807438355362,0.6262
binary_relevance,CovtFD,1,22,0.5994802764681857,0.6273
binary_relevance,CovtFD,1,23,0.647889205241649,0.6522
binary_relevance,CovtFD,1,24,0.6754371688456711,0.65145
binary_relevance,CovtFD,1,25,0.5998396878798429,0.61365
binary_relevance,CovtFD,1,26,0.6510945568447314,0.63495
binary_relevance,CovtFD,1,27,0.6239197748662826,0.6213
binary_relevance,CovtFD,1,28,0.6736481526152934,0.63915
binary_relevance,CovtFD,1,29,0.6221448218206489,0.64805
high_order,CovtFD,1,0,0.6589114422779939,0.64
high_order,CovtFD,1,1,0.6417406192832512,0.6422
high_order,CovtFD,1,2,0.6408916779888179,0.6419
high_order,CovtFD,1,3,0.6385542153952778,0.64195
high_order,CovtFD,1,4,0.6561642956553017,0.64485
high_order,CovtFD,1,5,0.631528098599669,0.63195
high_order,CovtFD,1,6,0.637907419401566,0.64365
high_order,CovtFD,1,7,0.6422177920477847,0.64585
high_order,CovtFD,1,8,0.646590794583218,0.6474
high_order,CovtFD,1,9,0.6484407226825951,0.6528
high_order,CovtFD,1,10,0.6519134186688686,0.632
high_order,CovtFD,1,11,0.6487120270895738,0.64795
high_order,CovtFD,1,12,0.6415728100736523,0.6448
high_order,CovtFD,1,13,0.6516166032832929,0.6545
high_order,CovtFD,1,14,0.6402813243910974,0.6356
high_order,CovtFD,1,15,0.6468166966721465,0.63505
high_order,CovtFD,1,16,0.634619938085118,0.63915
high_order,CovtFD,1,17,0.6306909541134688,0.61995
high_order,CovtFD,1,18,0.6303684174456882,0.62645
high_order,CovtFD,1,19,0.6404260910643383,0.6356
high_order,CovtFD,1,20,0.638506505866549,0.6382
high_order,CovtFD,1,21,0.6316120032763193,0.62905
high_order,CovtFD,1,22,0.6154775564698927,0.6155
high_order,CovtFD,1,23,0.6612678313310206,0.65685
high_order,CovtFD,1,24,0.6550409020760558,0.6513
high_order,CovtFD,1,25,0.6615577432642957,0.65135
high_order,CovtFD,1,26,0.6568956748615316,0.64735
high_order,CovtFD,1,27,0.6495960218135901,0.64085
high_order,CovtFD,1,28,0.6409802545887254,0.64075
high_order,CovtFD,1,29,0.650441790196516,0.64695
binary_relevance,Electricity,1,0,0.8548381062924862,0.71245
binary_relevance,Electricity,1,1,0.6178267537027597,0.63185
binary_relevance,Electricity,1,2,0.810591023722291,0.7205
binary_relevance,Electricity,1,3,0.824538816973567,0.7192
binary_relevance,Electricity,1,4,0.8328406944304705,0.6938
binary_relevance,Electricity,1,5,0.8185793112307787,0.70465
binary_relevance,Electricity,1,6,0.8668566833496094,0.7171
binary_relevance,Electricity,1,7,0.8156302473843098,0.7066
binary_relevance,Electricity,1,8,0.8076559848397971,0.70795
binary_relevance,Electricity,1,9,0.5200725222084074,0.6306
binary_relevance,Electricity,1,10,0.6784205666422843,0.6009
binary_relevance,Electricity,1,11,0.668946265283227,0.61555
binary_relevance,Electricity,1,12,0.8303945755958557,0.71485
binary_relevance,Electricity,1,13,0.8769197340607643,0.69735
binary_relevance,Electricity,1,14,0.8401338156580925,0.7167
binary_relevance,Electricity,1,15,0.8260750854194164,0.71015
binary_relevance,Electricity,1,16,0.8492385994225741,0.7111
binary_relevance,Electricity,1,17,0.8139992248535156,0.72425
binary_relevance,Electricity,1,18,0.5926243859767913,0.60305
binary_relevance,Electricity,1,19,0.8433240771919489,0.7039
binary_relevance,Electricity,1,20,0.8130330740481615,0.71315
binary_relevance,Electricity,1,21,0.8261598720848561,0.6773
binary_relevance,Electricity,1,22,0.8062236039191485,0.7267
binary_relevance,Electricity,1,23,0.8302010890960694,0.70245
binary_relevance,Electricity,1,24,0.27495298527638673,0.6039
binary_relevance,Electricity,1,25,0.8388258603155613,0.6973
binary_relevance,Electricity,1,26,0.8430155611485243,0.7048
binary_relevance,Electricity,1,27,0.8347794555902481,0.708
binary_relevance,Electricity,1,28,0.8755687529891729,0.68975
binary_relevance,Electricity,1,29,0.4397358358122762,0.64575
high_order,Electricity,1,0,0.7181601612855418,0.71475
high_order,Electricity,1,1,0.6061356984502286,0.56365
high_order,Electricity,1,2,0.741328715720748,0.72965
high_order,Electricity,1,3,0.7429555728372826,0.71465
high_order,Electricity,1,4,0.7092877628281247,0.70555
high_order,Electricity,1,5,0.733537626609765,0.71545
high_order,Electricity,1,6,0.7413079645946622,0.7338
high_order,Electricity,1,7,0.7359733507011086,0.70115
high_order,Electricity,1,8,0.7127439881930128,0.68725
high_order,Electricity,1,9,0.6148580287055462,0.64615
high_order,Electricity,1,10,0.6403079272459843,0.6268
high_order,Electricity,1,11,0.6452069608617167,0.6251
high_order,Electricity,1,12,0.7231535427275522,0.6999
high_order,Electricity,1,13,0.7139768295979709,0.7082
high_order,Electricity,1,14,0.7234759376902002,0.70285
high_order,Electricity,1,15,0.7320574521366798,0.7203
high_order,Electricity,1,16,0.7364741137476638,0.7049
high_order,Electricity,1,17,0.7562961472586205,0.7356
high_order,Electricity,1,18,0.6576508018526948,0.64945
high_order,Electricity,1,19,0.7231938081085129,0.70425
high_order,Electricity,1,20,0.7225111739845219,0.72175
high_order,Electricity,1,21,0.682779058697028,0.68645
high_order,Electricity,1,22,0.70655768003292,0.70745
high_order,Electricity,1,23,0.7097602894035037,0.68
high_order,Electricity,1,24,0.5867893010726722,0.5954
high_order,Electricity,1,25,0.6984397419193447,0.70405
high_order,Electricity,1,26,0.7100067712463962,0.6772
high_order,Electricity,1,27,0.7001029080063192,0.70565
high_order,Electricity,1,28,0.692316796461241,0.6751
high_order,Electricity,1,29,0.5964540597166283,0.62105
binary_relevance,LED_a,1,0,0.37171672021597624,0.3368
binary_relevance,LED_a,1,1,0.3285550694853067,0.32175
binary_relevance,LED_a,1,2,0.33958198213279245,0.34925
binary_relevance,LED_a,1,3,0.27209866474717853,0.2901
binary_relevance,LED_a,1,4,0.3147410848096013,0.35405
binary_relevance,LED_a,1,5,0.36974251272454856,0.3935
binary_relevance,LED_a,1,6,0.45292619239538906,0.3453
binary_relevance,LED_a,1,7,0.41431277810409667,0.39075
binary_relevance,LED_a,1,8,0.49818127272836865,0.40235
binary_relevance,LED_a,1,9,0.3889376905157231,0.3217
binary_relevance,LED_a,1,10,0.4171406819364987,0.3581
binary_relevance,LED_a,1,11,0.5373551630198955,0.4208
binary_relevance,LED_a,1,12,0.4087700860770419,0.37485
binary_relevance,LED_a,1,13,0.47903615344800055,0.4035
binary_relevance,LED_a,1,14,0.5084781645275652,0.3751
binary_relevance,LED_a,1,15,0.4083752234911546,0.28975
binary_relevance,LED_a,1,16,0.36964106207489966,0.34985
binary_relevance,LED_a,1,17,0.4255013404401019,0.3351
binary_relevance,LED_a,1,18,0.36359873498529194,0.35375
binary_relevance,LED_a,1,19,0.41967175431568177,0.3529
binary_relevance,LED_a,1,20,0.23353986429274082,0.21095
binary_relevance,LED_a,1,21,0.3916770792385563,0.3598
binary_relevance,LED_a,1,22,0.2473628256775439,0.2602
binary_relevance,LED_a,1,23,0.42407303821146486,0.43425
binary_relevance,LED_a,1,24,0.4462192348703742,0.3411
binary_relevance,LED_a,1,25,0.38737967102825643,0.37515
binary_relevance,LED_a,1,26,0.3212359958142042,0.26285
binary_relevance,LED_a,1,27,0.33023931991159916,0.37805
binary_relevance,LED_a,1,28,0.5114274684719742,0.4605
binary_relevance,LED_a,1,29,0.37120310870485845,0.35725
high_order,LED_a,1,0,0.29662124455495475,0.3262
high_order,LED_a,1,1,0.2973989813698856,0.31855
high_order,LED_a,1,2,0.36250206831848525,0.3645
high_order,LED_a,1,3,0.2823767675129092,0.2899
high_order,LED_a,1,4,0.3592757319030925,0.35875
high_order,LED_a,1,5,0.4028051613432541,0.42455
high_order,LED_a,1,6,0.3434193401935819,0.35315
high_order,LED_a,1,7,0.3693016661407728,0.3891
high_order,LED_a,1,8,0.4150104517441457,0.41395
high_order,LED_a,1,9,0.3169986453143722,0.3305
high_order,LED_a,1,10,0.3193373797792891,0.34275
high_order,LED_a,1,11,0.4372545061540504,0.43755
high_order,LED_a,1,12,0.3830997360262383,0.38225
high_order,LED_a,1,13,0.4168178160200212,0.4071
high_order,LED_a,1,14,0.386378458253606,0.385
high_order,LED_a,1,15,0.31112103957722437,0.288
high_order,LED_a,1,16,0.34944540576681266,0.37085
high_order,LED_a,1,17,0.33243850331248903,0.33945
high_order,LED_a,1,18,0.3677046281979818,0.35705
high_order,LED_a,1,19,0.3600091283150583,0.34945
high_order,LED_a,1,20,0.256635971183832,0.2443
high_order,LED_a,1,21,0.34628729710085526,0.35175
high_order,LED_a,1,22,0.2585387505416701,0.2789
high_order,LED_a,1,23,0.41078028298951313,0.43735
high_order,LED_a,1,24,0.35785882232897065,0.3542
high_order,LED_a,1,25,0.3323264464056097,0.3553
high_order,LED_a,1,26,0.25844853261074807,0.26335
high_order,LED_a,1,27,0.38409928504766216,0.3898
high_order,LED_a,1,28,0.4544472632330624,0.4557
high_order,LED_a,1,29,0.36104977061517435,0.3748
binary_relevance,LED_g,1,0,0.36588741199402136,0.292
binary_relevance,LED_g,1,1,0.3127205657288432,0.22895
binary_relevance,LED_g,1,2,0.3388979877203703,0.36275
binary_relevance,LED_g,1,3,0.2676438629090786,0.22895
binary_relevance,LED_g,1,4,0.3113605472609401,0.3281
binary_relevance,LED_g,1,5,0.35095849565565584,0.3024
binary_relevance,LED_g,1,6,0.433706432262063,0.2869
binary_relevance,LED_g,1,7,0.39996213504616174,0.32195
binary_relevance,LED_g,1,8,0.4605761752396822,0.2793
binary_relevance,LED_g,1,9,0.38604305182164533,0.30195
binary_relevance,LED_g,1,10,0.40065364733655007,0.3121
binary_relevance,LED_g,1,11,0.503136676024273,0.3312
binary_relevance,LED_g,1,12,0.40904050257559865,0.30335
binary_relevance,LED_g,1,13,0.4435766440786421,0.29835
binary_relevance,LED_g,1,14,0.483458484358713,0.28455
binary_relevance,LED_g,1,15,0.3828384435111657,0.26885
binary_relevance,LED_g,1,16,0.3643048108056188,0.3271
binary_relevance,LED_g,1,17,0.4310757809769362,0.35165
binary_relevance,LED_g,1,18,0.35009005517959596,0.29465
binary_relevance,LED_g,1,19,0.4100000362161547,0.3248
binary_relevance,LED_g,1,20,0.23378902372345328,0.2414
binary_relevance,LED_g,1,21,0.3896251445164904,0.3314
binary_relevance,LED_g,1,22,0.23110808879286052,0.229
binary_relevance,LED_g,1,23,0.41128873213231565,0.3293
binary_relevance,LED_g,1,24,0.43211392989344893,0.28475
binary_relevance,LED_g,1,25,0.3817058914810419,0.3505
binary_relevance,LED_g,1,26,0.31466937772035597,0.2735
binary_relevance,LED_g,1,27,0.3146653870776296,0.3035
binary_relevance,LED_g,1,28,0.4470018641529605,0.3436
binary_relevance,LED_g,1,29,0.3984837604936212,0.32005
high_order,LED_g,1,0,0.28082835544483425,0.3039
high_order,LED_g,1,1,0.22311192718035078,0.22215
high_order,LED_g,1,2,0.27492029843486304,0.31785
high_order,LED_g,1,3,0.2539388238447745,0.2546
high_order,LED_g,1,4,0.27369321972222105,0.29845
high_order,LED_g,1,5,0.29993022025346244,0.29755
high_order,LED_g,1,6,0.26398576828999915,0.2747
high_order,LED_g,1,7,0.3349944008830386,0.3388
high_order,LED_g,1,8,0.2730175321213962,0.2775
high_order,LED_g,1,9,0.31371316901357366,0.29155
high_order,LED_g,1,10,0.27024614583921863,0.28575
high_order,LED_g,1,11,0.32263110249799354,0.3273
high_order,LED_g,1,12,0.29409759788327416,0.3172
high_order,LED_g,1,13,0.3043682996821753,0.30515
high_order,LED_g,1,14,0.3122875967650191,0.29435
high_order,LED_g,1,15,0.26916749837884146,0.2675
high_order,LED_g,1,16,0.31312313337775327,0.3222
high_order,LED_g,1,17,0.3609604736553452,0.34
high_order,LED_g,1,18,0.32316421025906855,0.3116
high_order,LED_g,1,19,0.28267804715055156,0.3012
high_order,LED_g,1,20,0.2739955252152811,0.27385
high_order,LED_g,1,21,0.32291762633933346,0.3331
high_order,LED_g,1,22,0.2537781705741815,0.2588
high_order,LED_g,1,23,0.3314506857119879,0.3446
high_order,LED_g,1,24,0.267767071590238,0.27615
high_order,LED_g,1,25,0.34340279426639875,0.3426
high_order,LED_g,1,26,0.26313885447503155,0.2523
high_order,LED_g,1,27,0.3139963894892009,0.3097
high_order,LED_g,1,28,0.34306487985234535,0.3448
high_order,LED_g,1,29,0.2757310867070087,0.27625
binary_relevance,RBF_f,1,0,0.5616455993010718,0.59615
binary_relevance,RBF_f,1,1,0.5165979027773572,0.4891
binary_relevance,RBF_f,1,2,0.5744356315969075,0.5722
binary_relevance,RBF_f,1,3,0.4663425858424418,0.46105
binary_relevance,RBF_f,1,4,0.4928401442755822,0.468
binary_relevance,RBF_f,1,5,0.494114715081001,0.50815
binary_relevance,RBF_f,1,6,0.5464163974276397,0.575
binary_relevance,RBF_f,1,7,0.5390553460084698,0.60975
binary_relevance,RBF_f,1,8,0.594011952172603,0.56655
binary_relevance,RBF_f,1,9,0.6113109209246219,0.60705
binary_relevance,RBF_f,1,10,0.5164876590561598,0.4558
binary_relevance,RBF_f,1,11,0.574619955118389,0.598
binary_relevance,RBF_f,1,12,0.558745879192936,0.6037
binary_relevance,RBF_f,1,13,0.5124003191242307,0.4853
binary_relevance,RBF_f,1,14,0.5160604881942701,0.50385
binary_relevance,RBF_f,1,15,0.5301279264271119,0.5263
binary_relevance,RBF_f,1,16,0.5606999108180338,0.5408
binary_relevance,RBF_f,1,17,0.5545999133984596,0.5997
binary_relevance,RBF_f,1,18,0.5859643044029205,0.63755
binary_relevance,RBF_f,1,19,0.5076959787506583,0.538
binary_relevance,RBF_f,1,20,0.5896865380695404,0.59995
binary_relevance,RBF_f,1,21,0.5982934946583219,0.57225
binary_relevance,RBF_f,1,22,0.5341401252043675,0.5118
binary_relevance,RBF_f,1,23,0.4994971830166316,0.5472
binary_relevance,RBF_f,1,24,0.5337979457859751,0.52195
binary_relevance,RBF_f,1,25,0.6014130414491011,0.57755
binary_relevance,RBF_f,1,26,0.5300781855568832,0.4968
binary_relevance,RBF_f,1,27,0.5741452977771039,0.62065
binary_relevance,RBF_f,1,28,0.5195195984237438,0.4869
binary_relevance,RBF_f,1,29,0.5518819186435261,0.49645
high_order,RBF_f,1,0,0.5214240286761429,0.51645
high_order,RBF_f,1,1,0.5146572077302554,0.48685
high_order,RBF_f,1,2,0.5452197374778588,0.53175
high_order,RBF_f,1,3,0.45377129965923085,0.4634
high_order,RBF_f,1,4,0.49234096919964065,0.4794
high_order,RBF_f,1,5,0.5078393598876428,0.49865
high_order,RBF_f,1,6,0.5785144775894238,0.55415
high_order,RBF_f,1,7,0.629789525383804,0.60025
high_order,RBF_f,1,8,0.5210784463131567,0.5034
high_order,RBF_f,1,9,0.5824456617700867,0.5763
high_order,RBF_f,1,10,0.5248552456204779,0.49135
high_order,RBF_f,1,11,0.646337303428445,0.61275
high_order,RBF_f,1,12,0.6378036387978122,0.60365
high_order,RBF_f,1,13,0.5248115037858136,0.5038
high_order,RBF_f,1,14,0.49493281123566557,0.50335
high_order,RBF_f,1,15,0.5276437892270507,0.5162
high_order,RBF_f,1,16,0.4894517059899983,0.49105
high_order,RBF_f,1,17,0.6273832981587854,0.61105
high_order,RBF_f,1,18,0.6925608300859109,0.637
high_order,RBF_f,1,19,0.6231314143551514,0.59275
high_order,RBF_f,1,20,0.6071724948290735,0.60115
high_order,RBF_f,1,21,0.6038027832746273,0.58125
high_order,RBF_f,1,22,0.5701761238593841,0.57015
high_order,RBF_f,1,23,0.5410622853011999,0.537
high_order,RBF_f,1,24,0.513843297943566,0.4865
high_order,RBF_f,1,25,0.5704240508697803,0.571
high_order,RBF_f,1,26,0.484016111326596,0.4732
high_order,RBF_f,1,27,0.5464449910525407,0.53045
high_order,RBF_f,1,28,0.5408996496926033,0.5382
high_order,RBF_f,1,29,0.5069138207374606,0.47325
binary_relevance,RBF_m,1,0,0.538823364652489,0.51325
binary_relevance,RBF_m,1,1,0.5491607310666142,0.6128
binary_relevance,RBF_m,1,2,0.5639092839508882,0.61435
binary_relevance,RBF_m,1,3,0.5233921666443292,0.5287
binary_relevance,RBF_m,1,4,0.5268390268565545,0.59425
binary_relevance,RBF_m,1,5,0.5787026537002171,0.62805
binary_relevance,RBF_m,1,6,0.5388527946209984,0.636
binary_relevance,RBF_m,1,7,0.5402170205070461,0.574
binary_relevance,RBF_m,1,8,0.6073418233738532,0.58095
binary_relevance,RBF_m,1,9,0.599976386250834,0.5706
binary_relevance,RBF_m,1,10,0.5945240777403911,0.63305
binary_relevance,RBF_m,1,11,0.5626743753012299,0.6194
binary_relevance,RBF_m,1,12,0.48423477839801926,0.486
binary_relevance,RBF_m,1,13,0.5017444158675216,0.51025
binary_relevance,RBF_m,1,14,0.5032896990261344,0.50805
binary_relevance,RBF_m,1,15,0.5002800760397851,0.5068
binary_relevance,RBF_m,1,16,0.5541353783429002,0.5558
binary_relevance,RBF_m,1,17,0.5052736207273835,0.5063
binary_relevance,RBF_m,1,18,0.4631646928032351,0.49125
binary_relevance,RBF_m,1,19,0.501198205005899,0.4873
binary_relevance,RBF_m,1,20,0.578172796283533,0.59565
binary_relevance,RBF_m,1,21,0.5962952799029897,0.612
binary_relevance,RBF_m,1,22,0.5724383666994296,0.6414
binary_relevance,RBF_m,1,23,0.5299261498951229,0.5503
binary_relevance,RBF_m,1,24,0.5767622100635281,0.63485
binary_relevance,RBF_m,1,25,0.5570247395885932,0.5466
binary_relevance,RBF_m,1,26,0.5163353219182861,0.4928
binary_relevance,RBF_m,1,27,0.5129481657993816,0.53915
binary_relevance,RBF_m,1,28,0.5079514400527492,0.5463
binary_relevance,RBF_m,1,29,0.5412520282343175,0.50175
high_order,RBF_m,1,0,0.5376830754856812,0.52815
high_order,RBF_m,1,1,0.6367324571541568,0.6247
high_order,RBF_m,1,2,0.5984789291357069,0.5978
high_order,RBF_m,1,3,0.5908396157304291,0.5722
high_order,RBF_m,1,4,0.5705474922910712,0.54345
high_order,RBF_m,1,5,0.6479125805507879,0.63785
high_order,RBF_m,1,6,0.6494420989326256,0.64125
high_order,RBF_m,1,7,0.603900732372317,0.61535
high_order,RBF_m,1,8,0.5941996881288593,0.5978
high_order,RBF_m,1,9,0.5983785152647644,0.6042
high_order,RBF_m,1,10,0.6595838947708369,0.63895
high_order,RBF_m,1,11,0.6129619363359292,0.5967
high_order,RBF_m,1,12,0.5109337298882296,0.50205
high_order,RBF_m,1,13,0.5372694562491263,0.5258
high_order,RBF_m,1,14,0.5173615823173663,0.50625
high_order,RBF_m,1,15,0.5047567762503983,0.5108
high_order,RBF_m,1,16,0.5343229372443482,0.52455
high_order,RBF_m,1,17,0.4809953680185659,0.4727
high_order,RBF_m,1,18,0.48056799187286525,0.50465
high_order,RBF_m,1,19,0.5625023474148533,0.5308
high_order,RBF_m,1,20,0.5961419117851648,0.6016
high_order,RBF_m,1,21,0.6178608879291685,0.62045
high_order,RBF_m,1,22,0.6197793427659198,0.6139
high_order,RBF_m,1,23,0.5628438458154386,0.5356
high_order,RBF_m,1,24,0.6380923312761005,0.63095
high_order,RBF_m,1,25,0.4973334451011273,0.48815
high_order,RBF_m,1,26,0.4952730774656637,0.5136
high_order,RBF_m,1,27,0.5842907524756505,0.55475
high_order,RBF_m,1,28,0.5246943030949623,0.53695
high_order,RBF_m,1,29,0.5655297379452909,0.54075
binary_relevance,airlines,1,0,0.63818389749319,0.5882
binary_relevance,airlines,1,1,0.6231537893632532,0.5802
binary_relevance,airlines,1,2,0.6348177585487578,0.5709
binary_relevance,airlines,1,3,0.6341608880644489,0.5922
binary_relevance,airlines,1,4,0.620097996051537,0.56505
binary_relevance,airlines,1,5,0.6388331729760541,0.59995
binary_relevance,airlines,1,6,0.624741026851776,0.56715
binary_relevance,airlines,1,7,0.604315393705469,0.56205
binary_relevance,airlines,1,8,0.6268638041341738,0.5617
binary_relevance,airlines,1,9,0.559919924474519,0.55805
binary_relevance,airlines,1,10,0.6128145332995406,0.5696
binary_relevance,airlines,1,11,0.6167090390104587,0.57845
binary_relevance,airlines,1,12,0.6269206868696988,0.5757
binary_relevance,airlines,1,13,0.5908006418821361,0.5653
binary_relevance,airlines,1,14,0.6189155820529942,0.57435
binary_relevance,airlines,1,15,0.6056605967534655,0.56275
binary_relevance,airlines,1,16,0.6197335981701639,0.57225
binary_relevance,airlines,1,17,0.6207554097716605,0.56035
binary_relevance,airlines,1,18,0.6148272134413293,0.57565
binary_relevance,airlines,1,19,0.5974762600152742,0.56275
binary_relevance,airlines,1,20,0.6112336844967422,0.56465
binary_relevance,airlines,1,21,0.6210155259735392,0.59095
binary_relevance,airlines,1,22,0.6134725188315964,0.58285
binary_relevance,airlines,1,23,0.624245659306654,0.57755
binary_relevance,airlines,1,24,0.633553066675785,0.5988
binary_relevance,airlines,1,25,0.6333082000937333,0.5624
binary_relevance,airlines,1,26,0.6027806204917262,0.56875
binary_relevance,airlines,1,27,0.5726861017760893,0.5547
binary_relevance,airlines,1,28,0.631884339768225,0.58495
binary_relevance,airlines,1,29,0.6171416629917257,0.57235
high_order,airlines,1,0,0.5755677076301233,0.56885
high_order,airlines,1,1,0.5817923069242621,0.58
high_order,airlines,1,2,0.5702456813110505,0.57485
high_order,airlines,1,3,0.5815984885611571,0.59405
high_order,airlines,1,4,0.5778172260478139,0.56585
high_order,airlines,1,5,0.5863895190577955,0.5971
high_order,airlines,1,6,0.563248413378396,0.5729
high_order,airlines,1,7,0.5688893145945855,0.55755
high_order,airlines,1,8,0.5682710602827603,0.5643
high_order,airlines,1,9,0.5161829146189848,0.52695
high_order,airlines,1,10,0.5582105750366114,0.5543
high_order,airlines,1,11,0.588309448876069,0.5782
high_order,airlines,1,12,0.5810230499390745,0.5715
high_order,airlines,1,13,0.5262113187218085,0.5372
high_order,airlines,1,14,0.5807656439045444,0.57805
high_order,airlines,1,15,0.5577718509558588,0.5587
high_order,airlines,1,16,0.5605857297675684,0.55945
high_order,airlines,1,17,0.5681321379032219,0.58235
high_order,airlines,1,18,0.575013498358801,0.5657
high_order,airlines,1,19,0.5535032991953194,0.56015
high_order,airlines,1,20,0.5810583772061393,0.5743
high_order,airlines,1,21,0.5677469329331071,0.56735
high_order,airlines,1,22,0.5799989209292457,0.57455
high_order,airlines,1,23,0.5725336517931428,0.5629
high_order,airlines,1,24,0.5850742039723089,0.59455
high_order,airlines,1,25,0.5714072656720877,0.5626
high_order,airlines,1,26,0.5734987818792695,0.56235
high_order,airlines,1,27,0.5641391853157431,0.55905
high_order,airlines,1,28,0.5919269060077379,0.5872
high_order,airlines,1,29,0.5812948624000186,0.58005
