config,signal,dataset,label_pct,n,base_rate,spearman,pearson,roc_auc,aurc,aurc_opt,eaurc,risk_op,risk_at_05,risk_at_10,risk_at_20,cov_at_09
config_5,M,AGR_a,5,150000,0.63586,0.19755349473013925,0.19027043644462122,0.6166408401039022,0.2874675826592438,0.07623730220180419,0.21123028045743963,0.26537639693937654,0.24436396365506596,0.24436396365506596,0.24436396365506596,0.42521333333333333
config_5,M,AGR_g,5,150000,0.6708066666666667,0.2720720978211345,0.24723706125482936,0.6620861889493741,0.2245436332447841,0.061357463886742014,0.1631861693580421,0.19850291816584897,0.16507554945054947,0.16507554945054947,0.16507554945054947,0.4703866666666667
config_5,M,Electricity,5,150000,0.70178,0.30284995647224894,0.33545918497211535,0.6909228933234252,0.19638450082931067,0.04969491906968582,0.14668958175962485,0.1655948748918969,0.1491763935856878,0.1491763935856878,0.15800000000000003,0.31154
config_5,M,LED_a,5,150000,0.45146,0.27832601500794996,0.27027318683886914,0.6614269778813819,0.4501331893927116,0.1895080813526876,0.260625108040024,0.4523837946949056,0.4865333333333334,0.4529333333333333,0.39646666666666663,0.10036666666666667
config_5,M,LED_g,5,150000,0.4007733333333333,0.26877547390953765,0.2611844380180833,0.6582836235841418,0.5038025978272987,0.232775856158618,0.27102674166868074,0.497171765536111,0.5408,0.5008666666666667,0.4437333333333333,0.10874
config_5,M,RBF_f,5,150000,0.6369533333333334,0.3059927899932189,0.3441594146643767,0.6836346560236415,0.2773064895874568,0.07574320559304931,0.20156328399440748,0.23156980576136293,0.3773418026855351,0.3563333428361893,0.25460000000000005,0.3389933333333333
config_5,M,RBF_m,5,150000,0.67074,0.29837960209439135,0.3546483811499937,0.6830953285235066,0.24652744513313393,0.06138408548699287,0.18514335964614106,0.20956170518595943,0.29454354669464844,0.29454354669464844,0.2503666666666666,0.4582733333333333
config_5,M,airlines,5,150000,0.60042,0.06374260355797307,0.06810305081822927,0.5369962841324559,0.3745473536171378,0.09329022594413594,0.28125712767300187,0.3640926464521433,0.36285163959765054,0.36285163959765054,0.36285163959765054,0.36013333333333336
config_5,M,AGR_a,1,150000,0.56854,0.15121734805384682,0.14213951266147057,0.586965009900414,0.3667172712740269,0.11041478169605318,0.25630248957797375,0.3473405750568069,0.31966947504860665,0.31966947504860665,0.31966947504860665,0.38160666666666665
config_5,M,AGR_g,1,150000,0.62016,0.17843224093711485,0.15863990138999937,0.6038299062148642,0.30374855322056876,0.08354133833057481,0.22020721488999395,0.2859827407195536,0.2498588203220844,0.2498588203220844,0.2498588203220844,0.43312
config_5,M,Electricity,1,150000,0.65168,0.27307772016322024,0.31260180699456547,0.6649542641486762,0.251981505679847,0.06926955844973964,0.18271194723010736,0.23182531186077912,0.20367365004426086,0.20367365004426086,0.21709999999999996,0.37787333333333334
config_5,M,LED_a,1,150000,0.3464333333333333,0.22835904525150552,0.22060096241660282,0.6385076337249115,0.5686495161439342,0.28632485706574445,0.28232465907818977,0.5399828329108767,0.5831999999999999,0.5348666666666666,0.5011666666666666,0.09970666666666667
config_5,M,LED_g,1,150000,0.29262,0.18812923218316188,0.18437473101469956,0.6193188416116358,0.6404551148257372,0.3477850056378008,0.29267010918793646,0.6061115187006921,0.6578068982568921,0.6142000000000001,0.5870333333333333,0.11256
config_5,M,RBF_f,1,150000,0.5826933333333333,0.2665064665592263,0.2926657556201676,0.655965134089666,0.34136471792405154,0.1025973502139167,0.23876736771013485,0.29819983473494366,0.43885345302779744,0.4259600004614188,0.32253333333333334,0.2971066666666667
config_5,M,RBF_m,1,150000,0.5988333333333333,0.27449582844704484,0.30861935896863524,0.6615365404109986,0.31999082279493574,0.09410172396327549,0.22588909883166025,0.2790736451067133,0.37249497559575084,0.37249497559575084,0.3147333333333333,0.36155333333333334
config_5,M,airlines,1,150000,0.5530933333333333,0.04686438297679702,0.05086019167982621,0.5270729944329811,0.42557856918438997,0.11934902302795403,0.30622954615643594,0.4091985529075463,0.4085795524786747,0.4085795524786747,0.4095,0.20027333333333333
config_6,c,AGR_a,5,150000,0.7251266666666667,0.28863613893778567,0.2894055906262444,0.6857833855821244,0.15540085173564613,0.041811149646356766,0.11358970208928937,0.03611546536125599,0.019229011759618334,0.031827022275043027,0.0737788195951526,0.0848
config_6,c,AGR_g,5,150000,0.7591933333333334,0.3600377741939864,0.3627918914063265,0.741941820873488,0.1068451720630364,0.03164980457315264,0.07519536748988376,0.027163415194929364,0.007377320954907174,0.007377320954907174,0.013418756948025542,0.25112
config_6,c,Electricity,5,150000,0.7887866666666666,0.31737508145942944,0.3219206807046455,0.7232524550641846,0.10875819983994144,0.02406629851849909,0.08469190132144234,0.09156882817670693,0.05065880039331372,0.05065880039331372,0.05464364068844734,0.4158733333333333
config_6,c,LED_a,5,150000,0.65378,0.379607280073633,0.37592048642863385,0.7300243745490144,0.19578006948862003,0.06837371494995376,0.12740635453866628,0.08023265199851287,0.0673320862415444,0.08506696111935434,0.1170368604220521,0.0705
config_6,c,LED_g,5,150000,0.61318,0.35624248627559385,0.34612612144939525,0.7108101423326952,0.23980149230493722,0.0869156558759192,0.152885836429018,0.09308579409054027,0.11211293384375054,0.13334730886846607,0.16301676374632307,0.029213333333333334
config_6,c,RBF_f,5,150000,0.77462,0.5757876956433995,0.5868854945481843,0.8971186857491358,0.05141039605738283,0.027555458769067093,0.02385493728831574,0.0002835519243640932,0.0,0.0,3.3555066101013157e-06,0.25188666666666665
config_6,c,RBF_m,5,150000,0.80946,0.525080816892359,0.5249619118187148,0.8855001221128943,0.04279280514902881,0.01942993403124521,0.023362871117783603,0.00021722881265891868,0.0,0.0,2.1731979912353408e-05,0.1907
config_6,c,airlines,5,150000,0.6123066666666667,0.14705522882029337,0.1469601565712503,0.5869327802025253,0.32124313330123905,0.08734342259575778,0.23389971070548127,0.2796027929615399,0.24892543449822468,0.25402620914697593,0.2736277314320548,0.20104
config_6,c,AGR_a,1,150000,0.6490866666666667,0.22849751361530343,0.24822183102852283,0.6375659980655713,0.23444893964394894,0.07038519491257278,0.16406374473137617,0.06705309889090091,0.044728562419226583,0.06907184409157369,0.1374686577641217,0.07168
config_6,c,AGR_g,1,150000,0.70632,0.30673237551025184,0.31589095091651437,0.6937422878951485,0.161582642995174,0.04810179840585571,0.11348084458931829,0.04773518352046468,0.017605633802816878,0.03196564449196966,0.05898806412174971,0.14550666666666667
config_6,c,Electricity,1,150000,0.7443333333333333,0.23573101681422243,0.23464626672337557,0.6553580672979855,0.17178869488800805,0.03589010559869052,0.13589858928931753,0.15077964243579536,0.11173551306378626,0.11319458347881564,0.13005595191135846,0.3489466666666667
config_6,c,LED_a,1,150000,0.5129466666666667,0.3651146730288395,0.36521249879033335,0.7104192762992961,0.3196398877257807,0.14461865213036418,0.17502123559541655,0.12826092104650244,0.11824701565573163,0.14313362277103733,0.21204498994530677,0.00878
config_6,c,LED_g,1,150000,0.47086666666666666,0.3356695610023552,0.33511888480790714,0.6936542316437827,0.3726728593857456,0.17448583104663162,0.198187028339114,0.13401891765486176,0.16743777026072015,0.2124012901917055,0.27835194566656013,0.012353333333333332
config_6,c,RBF_f,1,150000,0.7383333333333333,0.5336014041029856,0.5179115463703439,0.849997765783382,0.08053615602457981,0.03768595144873707,0.04285020457584274,0.0009985666082311688,0.0,1.7827923397703838e-05,0.0014794849951441523,0.14047333333333334
config_6,c,RBF_m,1,150000,0.74736,0.5337708873768682,0.5209320935776183,0.8541775942316885,0.07522461820890078,0.03500257819382846,0.04022204001507232,0.0007523170171475811,0.0,4.347246292757504e-05,0.0009865804877493276,0.13906666666666667
config_6,c,airlines,1,150000,0.58668,0.14244362087133863,0.1403725056713125,0.5832886544800564,0.3470579954903746,0.1004577814625302,0.24660021402784438,0.29990742043476565,0.2720672363339434,0.28286666479067923,0.2991993166666596,0.16269333333333333
config_13,A,AGR_a,5,150000,0.6254066666666667,0.1334731469231298,0.1250971474043187,0.5794053338393419,0.3097616307979449,0.08105672918572537,0.2287049016122195,0.2611127644164141,0.23212581434914314,0.23212581434914314,0.24416666666666664,0.21671333333333334
config_13,A,AGR_g,5,150000,0.67866,0.27009884887421276,0.24526738188128827,0.6651451005118975,0.20846004542089902,0.058267621934363634,0.1501924234865354,0.1564627720366589,0.12108574596822796,0.12108574596822796,0.12108574596822796,0.3268666666666667
config_13,A,Electricity,5,150000,0.6914066666666666,0.22337015263563803,0.22553102849003995,0.6387715042601169,0.22784775260450169,0.0534455298037555,0.1744022228007462,0.19521698886656752,0.18704403621341303,0.18704403621341303,0.18704403621341303,0.30733333333333335
config_13,A,LED_a,5,150000,0.45878,0.1825780142568976,0.18061515152071603,0.6057715087520623,0.4623673618450249,0.18374574121188914,0.2786216206331358,0.3926268642632781,0.38106666666666666,0.39680000000000004,0.4173,0.08848
config_13,A,LED_g,5,150000,0.40641333333333335,0.21300734709454922,0.21036065853049918,0.6251923864389348,0.4999582778331324,0.22765837031707709,0.2722999075160553,0.4024332522225384,0.39039999999999997,0.4126666666666666,0.44710000000000005,0.07471333333333334
config_13,A,RBF_f,5,150000,0.6387,0.10886727992473906,0.11558888234290281,0.5654220743413427,0.3255777971931012,0.07495774875859906,0.25062004843450214,0.3371334609412185,0.3277333333333333,0.3134,0.3066333333333333,0.08736666666666666
config_13,A,RBF_m,5,150000,0.6670466666666667,0.10820575159530514,0.11715205304541212,0.5662811340158699,0.2987121483226029,0.06286929279957149,0.2358428555230314,0.3040127333247581,0.30200000000000005,0.2815333333333333,0.28036666666666665,0.11775333333333333
config_13,A,airlines,5,150000,0.5950133333333333,0.03544178838286428,0.035291981089711086,0.5207603635091259,0.38958741134077934,0.09607272286969104,0.2935146884710883,0.37852669215466894,0.37587412587412583,0.37587412587412583,0.37716875370903785,0.15445333333333333
config_13,A,AGR_a,1,150000,0.56926,0.11978075193988862,0.11449990730003547,0.5697947343787271,0.36079497826953943,0.1100086652107985,0.25078631305874094,0.2807959332203075,0.22059631766968946,0.2263486596915311,0.30158333202814813,0.16428666666666666
config_13,A,AGR_g,1,150000,0.61608,0.19181295833086787,0.18529201860490388,0.6137913418316916,0.2885489750161999,0.08550412221299619,0.20304485280320372,0.19957814497987436,0.15120119147833966,0.15120119147833966,0.21286666666666665,0.17575333333333334
config_13,A,Electricity,1,150000,0.64632,0.16670871213540422,0.16673683293749642,0.6005325312990376,0.2883416535922476,0.07158682261691879,0.21675483097532883,0.25193083880601636,0.24602742438493141,0.24602742438493141,0.24946666666666661,0.20709333333333332
config_13,A,LED_a,1,150000,0.3428866666666667,0.18041113929261296,0.18044918902140847,0.6097178496933836,0.5748898407318701,0.290102770893726,0.2847870698381441,0.4476273288290786,0.46173333333333333,0.49073333333333335,0.5247666666666666,0.040433333333333335
config_13,A,LED_g,1,150000,0.2792866666666667,0.20075078700138493,0.208086633307722,0.6291695818892957,0.6291039581130868,0.3644785690445481,0.2646253890685387,0.4578009837377081,0.49039999999999995,0.522,0.5690666666666666,0.028986666666666668
config_13,A,RBF_f,1,150000,0.5844066666666666,0.10853467671030032,0.11373480486430626,0.5635749499611193,0.37963938331517094,0.10167450519005655,0.2779648781251144,0.4014549346491768,0.3821333333333333,0.3676666666666667,0.3601,0.06136
config_13,A,RBF_m,1,150000,0.5980133333333333,0.11464129984031741,0.12154257969783719,0.5674977382942225,0.3621066734460013,0.09452275865280191,0.2675839147931994,0.35886919613870927,0.3456,0.34273333333333333,0.3446666666666667,0.07886
config_13,A,airlines,1,150000,0.57696,0.04793216589358983,0.04839718793955984,0.527978646681007,0.40252476645598345,0.10572218970949315,0.2968025767464903,0.3880892589998946,0.3815347399543072,0.38083334190000034,0.39846666666666664,0.13598
config_7,C,AGR_a,5,150000,0.6236933333333333,0.21913716338261766,0.21004594158792242,0.6304131251163988,0.26638008815970926,0.08186323665206363,0.18451685150764563,0.1679548331837126,0.0845338407175863,0.11506666666666665,0.18269999999999997,0.18162666666666666
config_7,C,AGR_g,5,150000,0.6761333333333334,0.3261201790531654,0.30356248041203815,0.7002164972702569,0.17823375428905847,0.0592517556677733,0.11898199862128517,0.09010869303099193,0.03894519201437141,0.03894519201437141,0.04239999999999999,0.28869333333333336
config_7,C,Electricity,5,150000,0.7037666666666667,0.3580636701484363,0.3907234892816497,0.726358432514894,0.169754997169397,0.048994179619365,0.12076081755003198,0.11213714604189666,0.09653333333333336,0.09166666666666667,0.11150000000000004,0.19365333333333334
config_7,C,LED_a,5,150000,0.46270666666666666,0.3083462446137148,0.30442970465990776,0.6784984389111293,0.4091010138982541,0.18070289975936227,0.22839811413889183,0.3289559447602116,0.3097333333333333,0.31020000000000003,0.3331666666666667,0.02004
config_7,C,LED_g,5,150000,0.4336,0.29949808548666884,0.29745948640952513,0.6744285005041081,0.4369005018617077,0.2040696054077346,0.2328308964539731,0.33247986988055295,0.32266666666666666,0.3202666666666667,0.349,0.021333333333333333
config_7,C,RBF_f,5,150000,0.63908,0.33036952571367073,0.3452922298865835,0.6985727782209529,0.24151132010646295,0.07478750001930656,0.1667238200871564,0.20204018283521152,0.19066666666666665,0.18166666666666664,0.18443333333333334,0.08058
config_7,C,RBF_m,5,150000,0.6713533333333334,0.32946659153161495,0.3558415847680321,0.7024751572645692,0.2173431871481379,0.06113941661979666,0.15620377052834125,0.1950457452621997,0.18146666666666667,0.1728666666666666,0.17026666666666668,0.13690666666666668
config_7,C,airlines,5,150000,0.58744,0.06080862386352631,0.06064685315849688,0.5354003632409865,0.3846665947740003,0.10005298393966594,0.28461361083433434,0.35984292819131575,0.34773333333333334,0.35973333333333335,0.3672333333333333,0.10056666666666667
config_7,C,AGR_a,1,150000,0.56888,0.1720127960156485,0.16915677187305866,0.6000215316277486,0.331852588513603,0.11022289091309717,0.22162969760050583,0.20519857647676115,0.08596471513653214,0.16145764475792151,0.2656666678474074,0.13778666666666667
config_7,C,AGR_g,1,150000,0.61736,0.21990061112501977,0.2085121951456317,0.6303644783498739,0.2662011529591321,0.08488544656970909,0.18131570638942301,0.14932502403165893,0.07147918511957485,0.10846666666666671,0.16859999999999997,0.17456666666666668
config_7,C,Electricity,1,150000,0.6542,0.3062085340993359,0.3500900902060204,0.6858138350642654,0.23444908273738324,0.06819535639110824,0.166253726346275,0.18022105532540042,0.15026666666666666,0.16666666666666663,0.19289999999999996,0.15682666666666667
config_7,C,LED_a,1,150000,0.34208666666666665,0.27473186694975926,0.27879308950265236,0.667132394177738,0.5329257316307637,0.2909599891167829,0.24196574251398084,0.34177848281606626,0.36760000000000004,0.39246666666666663,0.44820000000000004,0.011353333333333333
config_7,C,LED_g,1,150000,0.28886,0.25372679044857577,0.26569612633341433,0.6615165342460549,0.5944897079246444,0.3524298571568886,0.24205985076775577,0.37888949778789166,0.4098666666666667,0.4474,0.5079333333333333,0.009166666666666667
config_7,C,RBF_f,1,150000,0.5826266666666666,0.294518481720669,0.3029160734981259,0.6724057852928691,0.3070965216962166,0.10263336031082959,0.204463161385387,0.2785436545287486,0.2613333333333333,0.2505333333333334,0.2524666666666666,0.05644
config_7,C,RBF_m,1,150000,0.5960333333333333,0.31459414060958774,0.3245366488019664,0.6850691518049535,0.2860538718284782,0.09554404174265368,0.1905098300858245,0.24318522213365723,0.23119999999999996,0.2261333333333333,0.22960000000000003,0.077
config_7,C,airlines,1,150000,0.5548533333333333,0.06765412852850201,0.0683930945342417,0.5391047922326171,0.4145021571837592,0.11830949812617303,0.2961926590575862,0.38380936023899165,0.3836556256256586,0.392,0.3988666666666667,0.04566666666666667
config_8,w,AGR_a,5,150000,0.7677066666666666,0.18726908203521708,0.18130871012472644,0.6280145782108938,0.1505217161799776,0.029351946718227634,0.12116976946174995,0.04597950713822662,0.032399999999999984,0.050866666666666616,0.08279999999999998,0.0763
config_8,w,AGR_g,5,150000,0.7731533333333334,0.29155897542572334,0.2893845215718297,0.7009725647187404,0.11267895736432634,0.027931409422923742,0.0847475479414026,0.025319340786754473,0.008000000000000007,0.00880000000000003,0.019199999999999995,0.21902666666666668
config_8,w,Electricity,5,150000,0.78654,0.21785591749299216,0.21386361577904373,0.6534829289728272,0.1395308901817891,0.024602543840375773,0.11492834634141333,0.10727730890881512,0.07573333333333332,0.09166666666666667,0.10509999999999997,0.23838
config_8,w,LED_a,5,150000,0.6535133333333333,0.2119902652908491,0.2117320183099457,0.6286040973393412,0.2549112761978372,0.06848709850875145,0.18642417768908576,0.13350049081543602,0.1532,0.17113333333333336,0.19740000000000002,0.008473333333333333
config_8,w,LED_g,5,150000,0.6140333333333333,0.23484368959587887,0.2346184212404523,0.63925711651343,0.2805822093936884,0.0864988868137494,0.194083322579939,0.14163105507838117,0.16186666666666671,0.1779333333333334,0.21120000000000005,0.008206666666666666
config_8,w,RBF_f,5,150000,0.7710933333333333,0.46823506968020234,0.4641222434761069,0.8217293046777634,0.07575305581852067,0.028464148659927996,0.04728890715859267,0.002724698398718923,0.002266666666666639,0.0037333333333333663,0.007433333333333292,0.033093333333333336
config_8,w,RBF_m,5,150000,0.8034933333333333,0.41906648494989823,0.41433971106334777,0.8044475777119424,0.0665459426125237,0.020713260176310422,0.04583268243621327,0.0027066941982447734,0.0028000000000000247,0.0035333333333333883,0.007866666666666688,0.034006666666666664
config_8,w,airlines,5,150000,0.6349333333333333,0.08455686507921903,0.08035939122729333,0.5507000159759405,0.32054386835908855,0.07665755099489313,0.24388631736419542,0.25202456569592435,0.24106666666666665,0.26226666666666665,0.29036666666666666,0.07087333333333333
config_8,w,AGR_a,1,150000,0.6776,0.15549688664797895,0.15333228619985106,0.5960388298163225,0.23864977044337543,0.058679343287427466,0.17997042715594797,0.09071006499088674,0.06879999999999997,0.11413333333333331,0.1743,0.06873333333333333
config_8,w,AGR_g,1,150000,0.72098,0.2553682751326841,0.2507441967086395,0.6643603449579976,0.16325679447465252,0.043155804436556505,0.12010099003809602,0.044000971717120536,0.014000000000000012,0.023800000000000043,0.06123333333333336,0.14476666666666665
config_8,w,Electricity,1,150000,0.74544,0.15104231707877314,0.1438964334192102,0.6000936627019958,0.19790541914711685,0.035564166491728444,0.1623412526553884,0.167024417611224,0.14,0.14826666666666666,0.16276666666666662,0.18973333333333334
config_8,w,LED_a,1,150000,0.5516466666666666,0.20640925608714433,0.21266931973818842,0.6198113178004289,0.3449865646141549,0.12020767387691123,0.22477889073724366,0.1715427687393772,0.18946666666666667,0.2218,0.2706666666666667,0.0013333333333333333
config_8,w,LED_g,1,150000,0.49444666666666665,0.2061305215171059,0.21600536222312194,0.6190168531529276,0.3991693980550424,0.1573066413868785,0.24186275666816393,0.1678588364700203,0.22640000000000005,0.2646666666666667,0.3251666666666667,0.0007933333333333333
config_8,w,RBF_f,1,150000,0.73088,0.38140897037285926,0.3766199670744847,0.7482585725771241,0.1245523317263033,0.03998474100951402,0.08456759071678928,0.009371915429600454,0.010133333333333328,0.01853333333333329,0.03720000000000001,0.014053333333333333
config_8,w,RBF_m,1,150000,0.7532466666666666,0.3761583521312082,0.3695165947099064,0.7518720418533901,0.1090232655365398,0.03331145497742577,0.07571181055911404,0.00497661777152663,0.005600000000000049,0.011333333333333306,0.025699999999999945,0.01784
config_8,w,airlines,1,150000,0.59906,0.07430959346004923,0.06982398238685938,0.5437702884031775,0.36429886607965695,0.0939855385449101,0.27031332753474685,0.3148343051587074,0.3130666666666667,0.3259333333333333,0.3365666666666667,0.056666666666666664
config_13_br,A(BR),AGR_a,5,600000,0.6249533333333334,0.1859287657717394,0.16902819660370103,0.6108637341716581,0.29260871724745535,0.081269666966379,0.21133905028107636,0.26125686146544386,0.19886666666666664,0.15859999999999996,0.21077500000000005,0.10927166666666667
config_13_br,A(BR),AGR_g,5,600000,0.6580283333333333,0.19685269565252606,0.17909062791427585,0.6197934604278372,0.25961554305594886,0.06658201292530036,0.1930335301306485,0.2118242232422981,0.18916667360092881,0.14678333357796816,0.2031166666666666,0.1186
config_13_br,A(BR),Electricity,5,600000,0.69247,0.15156245826523315,0.1304000164212131,0.5948105572731646,0.2509866983990901,0.05305394822351084,0.19793275017557926,0.2297301910015884,0.20516666666666672,0.2041944441875198,0.2133425926493845,0.03548833333333333
config_13_br,A(BR),LED_a,5,600000,0.44555666666666666,0.1851686059079223,0.1846455253600808,0.6075465982022196,0.4709068691351211,0.1942415820275517,0.2766652871075694,0.3761560604179997,0.3651,0.39183333333333337,0.4187166666666666,0.030546666666666666
config_13_br,A(BR),LED_g,5,600000,0.40124333333333334,0.16326428930060766,0.165353771227423,0.5961549138930133,0.5235342878293147,0.23234638278857606,0.2911879050407386,0.42796023552693885,0.42146666666666666,0.4423,0.46517976217336626,0.020666666666666667
config_13_br,A(BR),RBF_f,5,600000,0.6447,0.29838468271832,0.300863964770963,0.6799738725899718,0.24050834008522162,0.07229592065671175,0.16821241942850987,0.17805955541797494,0.14466666666666672,0.15461666666666662,0.17525000000000002,0.052743333333333337
config_13_br,A(BR),RBF_m,5,600000,0.6633066666666667,0.26343330093977285,0.27356845787689194,0.6609183640007663,0.23814863625260022,0.06439410548531865,0.17375453076728156,0.17803307374765115,0.1502,0.16111666666666669,0.18655833333333338,0.051313333333333336
config_13_br,A(BR),airlines,5,600000,0.60057,0.08410592384798402,0.06979048313999564,0.5495716984271711,0.3656639222680096,0.09321372579916215,0.27245019646884744,0.3710066554117584,0.3547,0.33430000000000004,0.3406166666208762,0.017698333333333333
config_13_br,A(BR),AGR_a,1,600000,0.5654633333333333,0.14661885163169527,0.13273899179980825,0.5853854264064184,0.35829603137592303,0.11216046471075841,0.24613556666516462,0.3628967785291882,0.1886959778509192,0.2172898129546071,0.28976491115677855,0.098885
config_13_br,A(BR),AGR_g,1,600000,0.5961283333333334,0.10738741963732491,0.10187067117678156,0.5631787761034153,0.34023203837926286,0.09549489073805523,0.24473714764120763,0.32704764763306826,0.14345508579712252,0.19367333081126872,0.28336291714155243,0.09454333333333333
config_13_br,A(BR),Electricity,1,600000,0.6530983333333333,0.08146135701844062,0.08380922171628065,0.5494047237546877,0.3175266663288609,0.06866376812761049,0.2488628982012504,0.3815097209428029,0.27736803905745583,0.2896211267699629,0.2995144712908708,0.00392
config_13_br,A(BR),LED_a,1,600000,0.34459666666666666,0.151331012562372,0.1586709550829211,0.5919236912958865,0.5809600729006285,0.2882767201981272,0.29268335270250123,0.38224376696557133,0.4734333333333334,0.49665000000000004,0.5232083333333333,0.004673333333333333
config_13_br,A(BR),LED_g,1,600000,0.29083166666666666,0.1261333502751137,0.14781300070417336,0.5801758909252731,0.6401959622224674,0.34998812931529083,0.2902078329071766,0.36195510692190946,0.5052,0.5342166666666667,0.5891083333333333,0.004235
config_13_br,A(BR),RBF_f,1,600000,0.58273,0.2810188677967522,0.2722461238091991,0.6645138959602882,0.29199422300993494,0.10257754791185647,0.18941667509807847,0.10578848307247393,0.13673333333333337,0.1769333333333334,0.2239916666666667,0.00019666666666666666
config_13_br,A(BR),RBF_m,1,600000,0.60666,0.29003516762914977,0.2841300664186295,0.6713970332925279,0.2664149633128034,0.09013935407704127,0.17627560923576213,0.09129235207526526,0.12050000000000005,0.1552,0.19362500000000005,0.000165
config_13_br,A(BR),airlines,1,600000,0.5725366666666667,0.09920458155411864,0.08392014301872266,0.5578881880539432,0.3884428955666816,0.10817194442971445,0.28027095113696715,0.3759446569626255,0.37716666666666665,0.3784666666666666,0.3666299999907303,0.049828333333333336
config_7_br,C(BR),AGR_a,5,150000,0.6396666666666667,0.24936640240474456,0.22208808411599784,0.6498243931973897,0.24630606164700622,0.07452510350598418,0.17178095814102204,0.16093815382885865,0.08813333333333329,0.09519999999999995,0.15773333333333328,0.14105333333333334
config_7_br,C(BR),AGR_g,5,150000,0.6648333333333334,0.28488798178006547,0.2527460094274693,0.6741289877845328,0.2139765000601358,0.06376913710670179,0.150207362953434,0.14179220361607736,0.08365710609079274,0.09540000000000004,0.1435333333333333,0.13862666666666668
config_7_br,C(BR),Electricity,5,150000,0.7033066666666666,0.3176326455812548,0.35959367287842325,0.7007209330217536,0.18172994164865974,0.04915593185793912,0.13257400979072062,0.1232429187719628,0.09200000327067515,0.10673333333333335,0.11480000000000001,0.11226666666666667
config_7_br,C(BR),LED_a,5,150000,0.46018,0.3134451539468034,0.31286591116102447,0.6815271291900912,0.4051396669991673,0.18265701686115043,0.22248265013801688,0.34128670094239666,0.2764,0.2932666666666667,0.32463333333333333,0.00618
config_7_br,C(BR),LED_g,5,150000,0.39241333333333334,0.29302470605672526,0.2936989422153668,0.6732028150690548,0.47890392749985944,0.24050770571927926,0.23839622178058018,0.3427137566084891,0.3297333333333333,0.3604666666666667,0.40380000000000005,0.00518
config_7_br,C(BR),RBF_f,5,150000,0.6449533333333334,0.4285115891022203,0.4258330010500304,0.758497444348766,0.18994712232275118,0.07218476464293744,0.11776235767981375,0.11041710379039124,0.07120000000000004,0.08300000036888888,0.10586666666666666,0.08198666666666667
config_7_br,C(BR),RBF_m,5,150000,0.67322,0.4141978151270313,0.42056025807290087,0.7549186594416137,0.17317879418303958,0.06039821786154703,0.11278057632149255,0.09260783235479945,0.06133333333333335,0.08153333333333335,0.10943333333333338,0.08434666666666667
config_7_br,C(BR),airlines,5,150000,0.6025533333333334,0.0745795309086422,0.0651054890293763,0.5438519247612034,0.36039501530699086,0.09220574288329936,0.2681892724236915,0.3147174160928254,0.30679999999999996,0.31279999999999997,0.3312666666666667,0.010393333333333333
