mode,config,dataset,label_pct,global_acc,f1_score,elapsed_s,relevance_mae,brier,div_corr,div_mae
mlhat,config_2,Electricity,1,0.751715111030872,0.4852826748537764,90.534277,0.0240567263142408,0.2590359840963903,0.9609117171443462,0.0384919540229885
mlhat,config_2,Electricity,5,0.793848167539267,0.5218014354779111,102.108538,0.0093941359663497,0.2307760699178111,0.9878650105386048,0.0163365517241379
mlhat,config_2,AGR_g,5,0.8123333333333334,0.8040225420277296,159.65847799999997,0.0054672796792599,0.222501622396181,0.8932282887741803,0.0212366666666666
mlhat,config_2,AGR_g,1,0.7284343434343434,0.7112565188660418,149.12181,0.0127164639677557,0.2652213310337863,0.7903633723434057,0.0166296551724138
mlhat,config_2,AGR_a,5,0.7984747474747474,0.7975021686135437,145.16939399999998,0.0059604817299296,0.2562727506771047,0.9475839444449322,0.0235841379310344
mlhat,config_2,AGR_a,1,0.6679090909090909,0.6673399260180486,146.048469,0.0145588555270867,0.2890188874012793,0.7905934103157254,0.0169742528735632
mlhat,config_2,LED_a,1,0.5336969696969697,0.5204598559815743,162.29928,0.0161315945393425,0.2564748112884894,0.7572925203248354,0.0266571264367816
mlhat,config_2,LED_a,5,0.6648080808080808,0.664166161457163,205.533474,0.0078906365810679,0.2843457042394981,0.9209143062093318,0.0447083908045976
mlhat,config_2,LED_g,1,0.4604545454545454,0.4493595017468331,165.290702,0.0107982642295015,0.2308861822652277,0.80499775033547,0.0285058620689655
mlhat,config_2,LED_g,5,0.6298686868686869,0.6281518817413173,210.823185,0.0048900716920561,0.2719447541961632,0.8589246125864184,0.032575172413793
mlhat,config_2,RBF_m,1,0.7716565656565657,0.7533350652585495,124.61233,0.02214306480703,0.2629128037124522,0.6790914221120835,0.0230343678160919
mlhat,config_2,RBF_m,5,0.817929292929293,0.7995929843358154,153.954903,0.0077558991306994,0.2443368776102648,0.7650015520526003,0.0398090804597701
mlhat,config_2,RBF_f,1,0.7444343434343434,0.7190795236746068,123.202728,0.019006274486387,0.2675834357383708,0.6986397002404586,0.0233048275862069
mlhat,config_2,RBF_f,5,0.7807979797979798,0.759265289792044,153.877173,0.0072347974507693,0.2527678863974754,0.767396000389065,0.0177180459770114
mlhat,config_2,airlines,1,0.5927453132806942,0.5185838926167533,879.1259580000001,0.0060177063734875,0.3162271688118492,0.9760478815514292,0.0246920689655172
mlhat,config_2,airlines,5,0.6378563216149098,0.6017995690756885,1079.829123,0.0046580499490275,0.3213619648229372,0.966091230756312,0.0128405747126436
mlhat,config_2,CovtFD,1,0.7059129811107356,0.4582843128267622,3247.573498,0.0050607435728717,0.2594934720647434,0.8060445442124936,0.0144390804597701
mlhat,config_12,Electricity,5,0.8051543599927785,0.7963451495272253,144.727467,0.0075350666166224,0.2165441519585995,0.9834710720646586,0.0158820689655172
mlhat,config_12,Electricity,1,0.7615092977071674,0.7423417511709998,126.974836,0.0170246205131091,0.2470135147049162,0.9514987517856868,0.032312183908046
mlhat,config_2,CovtFD,5,0.7953956125045689,0.6430652159964187,3842.708141,0.0026155291272602,0.2226825382313907,0.8701096678270341,0.0050019540229885
mlhat,config_12,AGR_g,5,0.8047171717171717,0.8006404686608167,286.93291,0.0058480467853136,0.2362079647596955,0.937627758719875,0.0095020689655172
mlhat,config_12,AGR_g,1,0.7336666666666667,0.7236026010750901,238.620854,0.0158682813715562,0.269073405368366,0.8698133066533341,0.0179580459770114
mlhat,config_12,AGR_a,5,0.7874242424242425,0.7822443561965711,299.463801,0.0063104097399984,0.2714387509770747,0.9494977852071014,0.0116332183908045
mlhat,config_12,AGR_a,1,0.6816464646464646,0.6771799465111819,232.37823,0.0145358883095967,0.2978848894510158,0.8600239740997233,0.0178527586206896
mlhat,config_12,LED_a,1,0.5801111111111111,0.5655182789219626,239.734532,0.0117328161748339,0.2634645597468699,0.7983238742371833,0.0239680459770114
mlhat,config_12,LED_a,5,0.6814343434343434,0.6791799828841073,323.211615,0.0073636922794955,0.2846051760278983,0.9097522663220796,0.0450506896551724
mlhat,config_12,LED_g,1,0.528060606060606,0.5134459111674079,231.711683,0.0104928804334795,0.2350793088485967,0.8202087625664395,0.0298152873563218
mlhat,config_12,LED_g,5,0.6399292929292929,0.6344396244738315,315.57099800000003,0.0060910417868705,0.270173946803221,0.843093651789742,0.0296799999999999
mlhat,config_12,RBF_m,1,0.7635858585858586,0.7439825166162906,216.338717,0.0132587690911692,0.2660816182854629,0.7901266278978245,0.0315351724137931
mlhat,config_12,RBF_m,5,0.8035656565656566,0.7860326776469325,259.21026,0.0084894982162583,0.2561843581341209,0.8196813356947827,0.0137179310344827
mlhat,config_12,RBF_f,1,0.735979797979798,0.7103133857343883,210.154689,0.0175162709249945,0.2676207636823503,0.7875478897637229,0.0507302298850574
mlhat,config_12,RBF_f,5,0.7733737373737374,0.7514616607622504,261.69426999999996,0.007549922247434,0.2564763026043571,0.9237363467957268,0.0151437931034482
mlhat,config_12,airlines,5,0.6153704704643349,0.6103261617068502,1361.698996,0.0033420021337712,0.3273186842200694,0.965230257189404,0.0160385057471264
mlhat,config_12,airlines,1,0.5961703842803358,0.5915007775282695,1311.596516,0.0072064205940934,0.3157958461046598,0.9663186321203316,0.0196145977011494
mlhat,config_12,CovtFD,1,0.7319520975428094,0.5153379418739491,4386.432549,0.0053525048919648,0.2516830809600023,0.7448320323885349,0.0111767816091953
binary_relevance,config_2,Electricity,5,0.7858367936450623,0.5159929190685891,54.853393,0.0456690395778307,0.2130813185467819,0.4808696224213119,0.2002594252873563
binary_relevance,config_2,Electricity,1,0.7502708070048745,0.4815054736963748,45.228262,0.1508833680675223,0.2593658248249719,0.479411949115588,0.2646131034482758
binary_relevance,config_2,AGR_g,5,0.8066666666666666,0.799546784341185,134.22081200000002,0.0329848878909409,0.2069135747958185,0.4118786310719806,0.2172548275862069
binary_relevance,config_2,AGR_g,1,0.7253434343434343,0.7090453499872851,91.384389,0.0986950173493661,0.2394264467333077,0.3423234011306143,0.3166662068965517
binary_relevance,config_2,AGR_a,5,0.8003131313131313,0.7994451207717828,136.977431,0.0299028861574591,0.2132741752219755,0.1863012438270358,0.2691213793103448
binary_relevance,config_2,AGR_a,1,0.673060606060606,0.6729620054566479,95.091914,0.1223240030954964,0.2566563221359114,0.0774538919264039,0.3313206896551724
binary_relevance,config_2,LED_a,5,0.659979797979798,0.6586248779653043,217.931961,0.0331026991922698,0.2545029176275,0.2482666239629576,0.0887701149425287
binary_relevance,config_2,LED_a,1,0.5203737373737374,0.5082029913677372,149.38655799999998,0.0552878904521488,0.2272539139974919,0.1629103785991769,0.1709413793103448
mlhat,config_12,CovtFD,5,0.8122159541526727,0.6841685819288762,5561.164023,0.0035309671253864,0.2039859839595555,0.8020964303660659,0.0073894252873563
binary_relevance,config_2,LED_g,5,0.6182323232323232,0.6157528511411197,212.980845,0.0265011482144574,0.2504913200529416,0.2219954592611775,0.0721420689655172
binary_relevance,config_2,LED_g,1,0.428,0.4198991989036493,150.425095,0.0878981245309805,0.2155700237383631,0.2547770543578319,0.1538419540229885
binary_relevance,config_2,RBF_m,5,0.8216969696969697,0.8052899312562263,154.559671,0.0306342183611936,0.2157659402618051,0.4310402225152063,0.1252379310344827
binary_relevance,config_2,RBF_m,1,0.7752424242424243,0.7580552750089923,137.466401,0.0465922331673484,0.2269772490163005,0.3876651115030192,0.1484657471264367
binary_relevance,config_2,RBF_f,5,0.776080808080808,0.7544628088524046,162.414828,0.0243252481021859,0.2189995667033487,0.365485751018027,0.09712
binary_relevance,config_2,RBF_f,1,0.752030303030303,0.72840758723466,137.413377,0.0434712083708895,0.23130040976853,0.2700877197372525,0.1499444827586206
binary_relevance,config_2,airlines,1,0.5978829197801565,0.5216165612457486,575.59369,0.044942023288076,0.2633108491475554,0.0649866766724996,0.1238450574712643
binary_relevance,config_2,airlines,5,0.6387757414331433,0.5988904820189562,850.877057,0.0131124047401179,0.2499233784272065,0.2023809207927938,0.1867966666666666
binary_relevance,config_2,CovtFD,1,0.696570070964049,0.434480047286732,2408.3705649999997,0.0291350955992754,0.285073611165445,0.5792818069802452,0.0369832183908046
binary_relevance,config_12,Electricity,5,0.8012050911716916,0.7924259275722022,82.064525,0.0474642912064505,0.2021734117928679,0.6233285012390498,0.1647177011494252
binary_relevance,config_12,Electricity,1,0.7630213034843835,0.7465106028741448,72.614108,0.1233425866188703,0.242476548180173,0.5069622096694494,0.1994108045977011
binary_relevance,config_2,CovtFD,5,0.7846803169589595,0.6235421225134655,2760.689538,0.0135882352580908,0.2279057066202115,0.2729912087825124,0.0860714942528735
binary_relevance,config_12,AGR_g,5,0.7948383838383838,0.7881434309046421,163.577706,0.0219201939850664,0.2216730544567653,0.3334597173605155,0.189447816091954
binary_relevance,config_12,AGR_g,1,0.734030303030303,0.723537407523217,135.475242,0.0977427196389852,0.250671594655776,0.5646323406644559,0.268137356321839
binary_relevance,config_12,AGR_a,1,0.6745555555555556,0.6724416761100162,131.59806099999997,0.1389835281749193,0.2675148163576865,0.5013360154990993,0.311093908045977
binary_relevance,config_12,AGR_a,5,0.7998080808080809,0.7970703211045569,172.244061,0.0262862538181548,0.2275665794626746,0.4321133498346536,0.2456547126436781
binary_relevance,config_12,LED_a,1,0.5676767676767677,0.5565060598898567,166.526104,0.0505497027322409,0.2309173268262171,0.20137541812521,0.1811981609195402
binary_relevance,config_12,LED_a,5,0.6518484848484849,0.6429111705040148,219.61438399999997,0.0216308554207864,0.2380820142544712,0.4276665891171298,0.104723908045977
binary_relevance,config_12,LED_g,1,0.513989898989899,0.5009977778448362,157.303453,0.080664594309212,0.2197615804239478,0.0037687437802762,0.1621140229885057
binary_relevance,config_12,LED_g,5,0.6475151515151515,0.6405646908111124,232.239045,0.0280439892824352,0.2449309688043424,0.3672505933045845,0.0814935632183908
binary_relevance,config_12,RBF_m,5,0.8194141414141414,0.8026127794992377,203.496041,0.0211009298676962,0.2217892140983369,0.7178853509729245,0.1174622988505747
binary_relevance,config_12,RBF_m,1,0.758979797979798,0.7381341104489403,178.024237,0.0309504222911429,0.2302917184379767,0.4374982920037549,0.1624275862068965
binary_relevance,config_12,RBF_f,1,0.7334444444444445,0.7053141539628038,175.02259,0.0289450881128805,0.2328197248452155,0.3692553755011119,0.1658054022988505
binary_relevance,config_12,RBF_f,5,0.7719191919191919,0.7505260384884671,213.553864,0.0192598259757711,0.2242503544940437,0.6549714780718905,0.0965380459770114
binary_relevance,config_12,airlines,1,0.5957487513535903,0.5905006316911471,776.599075,0.0430157531111905,0.2634045921212346,0.2300736132166543,0.1850319540229884
binary_relevance,config_12,airlines,5,0.6255639572571943,0.6191714294166408,962.471729,0.0130032108247909,0.250067165509664,0.2584646560728948,0.2284306896551724
binary_relevance,config_12,CovtFD,1,0.7229488355413336,0.4994227865752659,2374.3576940000003,0.0249901360054246,0.2674256970066125,0.180552001603105,0.0439552873563218
binary_relevance,config_12,CovtFD,5,0.8063195244236326,0.6709238797383321,2958.16823,0.0147871497748302,0.2111448987367751,0.0101783004591639,0.0894747126436781
mlhat,config_13,Electricity,1,0.7508801227658423,0.4827014552280266,260.176917,0.0250430186875375,0.25841171244103,0.970216994079348,0.0353397701149425
mlhat,config_13,Electricity,5,0.7756815309622676,0.508195677119542,315.448154,0.0148540367096079,0.2298190958217138,0.9713468471924844,0.0208668965517241
mlhat,config_13,AGR_g,1,0.672050505050505,0.6160911959472323,541.503885,0.0170197329875004,0.2685758538978468,0.874149237500135,0.0189327586206896
mlhat,config_13,AGR_g,5,0.7613232323232323,0.7493993344516373,634.463318,0.0057387359982915,0.2382095814855131,0.9534545120422672,0.0097537931034482
mlhat,config_13,AGR_a,5,0.7334545454545455,0.7313053911458628,465.036226,0.0057373419492691,0.2914408748837954,0.9470287757241131,0.0165243678160919
mlhat,config_13,AGR_a,1,0.628020202020202,0.6218062600836088,466.283493,0.0163420709562317,0.2980195651888976,0.8846113103965609,0.018631724137931
mlhat,config_13,LED_a,1,0.4920606060606061,0.4726697699868792,432.737308,0.0125936019347124,0.2592414323714702,0.7524279881778841,0.0297424137931034
mlhat,config_13,LED_a,5,0.6340404040404041,0.6307783672913182,582.7583860000001,0.0064582415649064,0.2850954559568298,0.9401892879181868,0.0432811494252873
mlhat,config_13,LED_g,1,0.4004444444444444,0.3814812404683781,422.893946,0.0149219378053921,0.2289113513112963,0.8709642816940156,0.0306590804597701
mlhat,config_13,LED_g,5,0.5854444444444444,0.5821109987140723,553.8670970000001,0.005894611001835,0.2706308416983601,0.8842557309293086,0.0268502298850574
mlhat,config_13,RBF_m,1,0.7676767676767676,0.7452352899859326,444.624038,0.0168630229704539,0.2638750892387958,0.7160268246938443,0.0212354022988505
mlhat,config_13,RBF_m,5,0.8276161616161616,0.8085806538753237,535.674844,0.0089743400806823,0.2426013682206307,0.6978170756488238,0.0416714942528735
mlhat,config_13,RBF_f,1,0.7544141414141414,0.7304894312707803,438.898792,0.0164028596550316,0.2649351201526023,0.7450649701643419,0.0255514942528735
mlhat,config_13,RBF_f,5,0.7748080808080808,0.7534320687554736,535.0582909999999,0.0089301762593353,0.2539157315332325,0.8748597737473801,0.0137811494252873
mlhat,config_13,airlines,1,0.5857187169728614,0.4602473894512368,2257.579646,0.0061337731369134,0.3217551598498027,0.973429112794932,0.0223891954022988
binary_relevance,config_13,Electricity,5,0.7729057591623036,0.5044229499168665,188.634755,0.058443984491542,0.2205599657101326,0.4094425470992848,0.1978786206896551
binary_relevance,config_13,Electricity,1,0.7478786784618162,0.4792720268973282,184.976362,0.1469757462711741,0.2536928809734831,0.1593072106516331,0.2360216091954023
mlhat,config_13,airlines,5,0.6283835113664435,0.5620982565474877,2753.819443,0.0048064132272265,0.3233130903063645,0.9604432873753465,0.0115011494252873
binary_relevance,config_13,AGR_g,1,0.6541717171717172,0.600574710857405,350.24715000000003,0.1220043097910514,0.2628215372063952,0.5016790497658721,0.2725618390804598
binary_relevance,config_13,AGR_g,5,0.7225858585858586,0.7040309470279411,434.914626,0.0234503205531214,0.2265964378788313,0.5149854270614163,0.1722993103448275
binary_relevance,config_13,AGR_a,1,0.612919191919192,0.6019409298560616,334.540043,0.1486324031794102,0.2713427216063472,0.5829998748947512,0.265633448275862
binary_relevance,config_13,AGR_a,5,0.7245252525252526,0.7244580576262485,405.036137,0.0345633935750927,0.2383963227063983,0.4555613922626805,0.2367779310344827
binary_relevance,config_13,LED_a,1,0.5155656565656566,0.5021353229793284,334.672678,0.0530813226787373,0.2276941791634059,0.142156595831753,0.1825297701149425
binary_relevance,config_13,LED_a,5,0.6189191919191919,0.6154310585519491,492.558468,0.02643266601815,0.2531111282091383,0.1549268772855848,0.0876311494252873
binary_relevance,config_13,LED_g,1,0.4246666666666667,0.4096434000324084,316.199908,0.0881611392816427,0.2148755405288785,0.1112037713337609,0.1558166666666666
binary_relevance,config_13,LED_g,5,0.5908181818181818,0.5856393632777654,462.917742,0.0316183387667547,0.2462572752670896,0.0013798804570638,0.0813044827586206
binary_relevance,config_13,RBF_m,1,0.7722525252525253,0.7518919102981056,400.282873,0.0706856865584159,0.2274375738267083,0.1982881311442657,0.1237679310344827
binary_relevance,config_13,RBF_m,5,0.8237979797979798,0.8071700801609195,487.903197,0.0337931645666645,0.215482383190814,0.1859645117545384,0.1144522988505747
binary_relevance,config_13,RBF_f,1,0.751969696969697,0.728202793193225,400.28424,0.0426900853663967,0.2305322333097016,0.2269292165390303,0.1305132183908046
binary_relevance,config_13,RBF_f,5,0.7808585858585858,0.7599804706947413,512.757175,0.0290730476160592,0.2159327775082032,0.4337250773607495,0.0943301149425287
binary_relevance,config_13,airlines,1,0.5752596200102901,0.422757656233342,1878.085155,0.0450643763380927,0.2606380093967508,0.3850858231137111,0.0671716091954022
binary_relevance,config_13,airlines,5,0.638053207474976,0.5778149183180747,2334.2253010000004,0.014849878441582,0.2457852863276102,0.2990556455679549,0.1682465517241379
mlhat,config_13,CovtFD,1,0.6589898140038482,0.3843392147694237,8755.263172,0.0068669704179615,0.263748483593809,0.9083069370789668,0.0155568965517241
mlhat,config_13,CovtFD,5,0.7744788038868161,0.6011515408691247,10383.108464,0.0042801058915147,0.2195372566901728,0.8842739933204373,0.0043141379310344
binary_relevance,config_13,CovtFD,1,0.674301566174493,0.365071794840411,4846.699307000001,0.0349034731393225,0.3010935713101179,0.3466677459448904,0.033993448275862
binary_relevance,config_13,CovtFD,5,0.7666220698882092,0.5822444974775804,5955.696173,0.0122330273887345,0.2332634725011315,0.2743207378965628,0.0718071264367816
mlhat,config_8,Electricity,1,0.7480366492146597,0.481618911373068,258.971631,0.0175997214170691,0.2423154587033838,0.9334240848876616,0.0279368965517241
mlhat,config_8,Electricity,5,0.7849115363784076,0.5142908422738796,300.675891,0.0062711283248038,0.2160006774361802,0.9840787736989458,0.0163837931034482
mlhat,config_8,AGR_g,1,0.7147373737373738,0.7001119562658513,466.111526,0.0113170410390632,0.2639001528838708,0.8814721292995616,0.0190022988505747
mlhat,config_8,AGR_g,5,0.7694545454545455,0.7596390069895418,526.195388,0.0058626507328388,0.240228349299432,0.9239369945019036,0.0142968965517241
mlhat,config_8,AGR_a,5,0.7253737373737373,0.7241439926273107,488.491079,0.0061957620536722,0.2907754851459499,0.9463451320886598,0.0161767816091954
mlhat,config_8,AGR_a,1,0.6530303030303031,0.6526928330083768,443.592756,0.0162907371548904,0.2975746295073137,0.8546757131804232,0.019041724137931
mlhat,config_8,LED_a,1,0.5291818181818182,0.5151685244758597,435.264003,0.0130775087816301,0.2603399149050329,0.7629175899543493,0.0263911494252873
mlhat,config_8,LED_a,5,0.650979797979798,0.6487706235294386,601.8264750000001,0.0076110049468381,0.2876821053188014,0.8931916185171883,0.0433058620689655
mlhat,config_8,LED_g,1,0.4796969696969697,0.4710061690872497,442.118724,0.0110368012002326,0.2482693453755848,0.620962357264905,0.0290218390804597
mlhat,config_8,LED_g,5,0.612010101010101,0.6069988278263342,559.161369,0.0041237487587468,0.2766551986286574,0.7890949247072393,0.0307235632183908
mlhat,config_8,RBF_m,5,0.8052828282828283,0.7880107926869987,458.64181,0.005445879850491,0.2538422712329449,0.8953266207917902,0.016213448275862
mlhat,config_8,RBF_m,1,0.7335959595959596,0.7111553248035893,375.754359,0.0170222676081557,0.2657130172688201,0.7727834135643449,0.0397641379310344
mlhat,config_8,RBF_f,5,0.7664848484848484,0.7439527909509431,495.802284,0.0090992955529837,0.2567655586903063,0.8893649899378621,0.0148570114942528
mlhat,config_8,RBF_f,1,0.7108989898989899,0.6808604384940182,383.523663,0.0167745155902838,0.266808852400638,0.7715676167949302,0.0431814942528735
mlhat,config_8,airlines,1,0.6079166689884339,0.5737551145237969,2677.153883,0.0059566714979995,0.3176646882142019,0.9642054459685018,0.0216320689655172
binary_relevance,config_8,Electricity,5,0.7862204369019679,0.5161686457660624,179.80952,0.0422876020873751,0.2025123456608624,0.6410213506641218,0.1714418390804598
mlhat,config_8,airlines,5,0.6340411937226844,0.6019036746216958,3048.534435,0.0033278408251399,0.3245055144533589,0.9582996056734544,0.0154050574712643
binary_relevance,config_8,Electricity,1,0.7444935909008846,0.4784234768789211,150.95849099999998,0.1210274735326224,0.2404641911162406,0.6311676698994294,0.2057036781609195
binary_relevance,config_8,AGR_g,5,0.7464141414141414,0.7319900288258611,361.845081,0.0279008936996747,0.2213541815482319,0.4630943105300129,0.1692981609195402
binary_relevance,config_8,AGR_g,1,0.706989898989899,0.6893516898388112,274.440852,0.0984463066661187,0.2496948653028817,0.5823660368519822,0.2836349425287356
binary_relevance,config_8,AGR_a,1,0.6555555555555556,0.6555549616242069,265.025984,0.1388115251545577,0.2664244925943116,0.4143587088431054,0.3241863218390804
binary_relevance,config_8,AGR_a,5,0.721010101010101,0.7189372162653067,367.886817,0.0341647318528864,0.2397167734248796,0.4354601324226499,0.2007989655172414
binary_relevance,config_8,LED_a,1,0.581010101010101,0.5775828071132194,376.6874509999999,0.0526967794083058,0.2456074467218916,0.0889872060452403,0.1678362068965517
binary_relevance,config_8,LED_a,5,0.6457474747474747,0.6436660805044265,519.8929350000001,0.0335327751094336,0.2568779785688354,0.2030761373750794,0.0898585057471264
binary_relevance,config_8,LED_g,1,0.4894646464646465,0.4834147139472563,353.581499,0.0697915782151363,0.229564906639334,-0.0121092747621202,0.1680487356321838
binary_relevance,config_8,LED_g,5,0.6003030303030303,0.5964144363393301,510.23872,0.0293443238840526,0.2480521503736041,0.1493535560877904,0.0794072413793103
binary_relevance,config_8,RBF_m,5,0.7982323232323232,0.7800527701721085,425.985603,0.0237020278306533,0.228506815327031,0.5681561536473884,0.1161866666666666
binary_relevance,config_8,RBF_m,1,0.7135454545454546,0.6901020146132832,350.28000499999996,0.0457006012121898,0.2333777347591196,0.2887680951309564,0.1405764367816092
binary_relevance,config_8,RBF_f,1,0.7141515151515152,0.6865415544089475,355.055979,0.0355523240937132,0.23493035684656,0.2574961318915625,0.1460913793103448
binary_relevance,config_8,RBF_f,5,0.7662121212121212,0.7434907218993523,441.922466,0.0214288633845545,0.2245832151159416,0.5163661654279379,0.1017745977011493
binary_relevance,config_8,airlines,1,0.6089549632882167,0.5692056128971051,1534.665419,0.0473473963456327,0.2620182612984952,0.5100444792783164,0.1778554022988505
binary_relevance,config_8,airlines,5,0.6408950505495159,0.6093316027393616,2167.05322,0.0161465675519915,0.2475979695762795,0.2116956900342872,0.2334064367816092
mlhat,config_8,CovtFD,1,0.7031906236422695,0.450143619248791,9837.771363,0.0083019591994466,0.2429029759085739,0.8568737951277089,0.0080252873563218
mlhat,config_8,CovtFD,5,0.7840372268159969,0.6257943675529478,10651.243177,0.0026002436480973,0.2047685244362991,0.6907885692731784,0.0049549425287356
binary_relevance,config_8,CovtFD,1,0.7077388054040261,0.4523741653156203,4347.306167,0.0324731789713358,0.2648047966290645,0.2702249369170968,0.0307509195402298
binary_relevance,config_8,CovtFD,5,0.7872647462466293,0.6340953386252132,5004.671215,0.0143004996644661,0.2114136620893913,0.385349767538309,0.0986780459770114
mlhat,config_7,Electricity,5,0.7819777938256003,0.5126712060391782,258.36134,0.01558536896396018,0.22685066778926818,0.9600401502151134,0.0199887356321839
mlhat,config_7,AGR_g,5,0.7572828282828283,0.7391005732747766,463.67138800000004,0.007678043791779007,0.24371776228628486,0.9383376845716128,0.010640114942528733
mlhat,config_7,LED_a,5,0.6347373737373737,0.6327024717218437,518.187821,0.00918129231061421,0.285508950089795,0.9227993787106982,0.04483287356321837
mlhat,config_7,AGR_a,5,0.7350909090909091,0.7347413220241822,522.246218,0.005145787455501664,0.2782112478748096,0.9531291898605417,0.01097977011494253
mlhat,config_7,LED_g,5,0.5685252525252525,0.5657141102332303,513.8729099999999,0.005973943511627794,0.2690813071422523,0.884839523418232,0.020978045977011486
mlhat,config_7,RBF_m,5,0.8258888888888889,0.8086734860852944,504.540865,0.007867579759051554,0.2433015548689076,0.6334683726162768,0.04200011494252871
mlhat,config_7,RBF_f,5,0.778010101010101,0.7565255780636747,493.850728,0.008520982668851129,0.25346355100680074,0.7514467974847847,0.019034137931034464
binary_relevance,config_7,Electricity,5,0.7821357645784438,0.5126986667042495,158.87367999999998,0.05632664413127033,0.21372088933287223,0.5243077296750239,0.20538482758620688
binary_relevance,config_7,AGR_g,5,0.7464747474747475,0.7279203175586546,369.09986100000003,0.022740607664433737,0.22351416449446823,0.4557144988044943,0.1811825287356322
binary_relevance,config_7,AGR_a,5,0.7443535353535353,0.7436334015785695,389.853845,0.03199796835232529,0.23217521919822573,0.4044818531314585,0.2505689655172414
binary_relevance,config_7,LED_a,5,0.6292323232323233,0.6264859808624561,506.31401400000004,0.028434147647703596,0.25583209686059216,0.21809542979607485,0.09809000000000001
binary_relevance,config_7,LED_g,5,0.5694747474747475,0.5668290101849485,458.08072200000004,0.025798247697790697,0.24337621666481218,0.17439371215363395,0.08676540229885056
binary_relevance,config_7,RBF_m,5,0.8244646464646465,0.807762128486371,459.695421,0.03859687077231498,0.2133708167794632,0.20038358932110706,0.1126741379310345
binary_relevance,config_7,RBF_f,5,0.7794949494949495,0.7578383568305214,459.643068,0.02977831119960795,0.21637945793852548,0.386081339006079,0.09876747126436777
mlhat,config_7,airlines,5,0.6373306735168087,0.5881148349502681,2432.572429,0.0030090644182739212,0.32359868588949264,0.9589747109355857,0.014176896551724117
binary_relevance,config_7,airlines,5,0.6396988760789252,0.5860122152702294,1957.410993,0.015233909590024412,0.24543421258537168,0.32011550712506603,0.18295402298850577
binary_relevance,config_7,CovtFD,5,0.7807769494424254,0.6089578841105654,4455.692119,0.01349727704137301,0.224736185693133,0.24597458992957297,0.08865482758620691
mlhat,config_7,CovtFD,5,0.7776149458976711,0.6008809177563764,6886.450488,0.0060264195470865626,0.22051269804392848,0.8788396596961547,0.0047775862068965376
