instance,rolling_acc,active_real_acc,active_pred_acc,active_real_div,active_pred_div,pool_real_acc,pool_real_div,K,lambda,drift_count,n_swapped,mean_margin,mean_A_inst,mean_C,mean_w,lbd_updates,lbd_instances,lbd_gap_mean,lbd_conf_mean,lbd_gap_pre_mean,lbd_conf_pre_mean,lbd_pool_updates
500,0.6,0.36680000000000007,0.3858414249406072,0.34523218390804594,0.2974620689655172,0.3580285714285714,0.3592521739130435,15,0.95,0,0,0.503790635773044,0.3691860519447218,0.37503746353260303,0.3769880838328608,0,0,,,,,0
1000,0.64,0.3906333333333334,0.42728980401466843,0.3630505747126437,0.32790287816091945,0.3869714285714286,0.36817225672877846,15,0.95,0,0,0.39290743730661243,0.44793208083481717,0.3474125181929428,0.3829261495626749,0,0,,,,,0
1500,0.67,0.3903333333333333,0.30713221230919696,0.3648597701149425,0.35132083052873553,0.38630000000000003,0.3696658385093168,15,0.95,0,0,0.6172412220763603,0.32073328720236105,0.3985053393138408,0.3408711810758141,760,197,0.5291545447603709,0.9727510783182827,0.16325525859545956,0.7493144512550425,9386
2000,0.67,0.3918999999999999,0.4530679034634447,0.36682068965517245,0.3692838238514021,0.3877857142857143,0.3715631469979296,15,0.95,0,0,0.5010772144834222,0.37304997544034957,0.39106535839767853,0.41151684555120405,1509,382,0.531694793238338,0.974139941467858,0.1503377822381895,0.7364563343680453,17775
2500,0.74,0.39420000000000005,0.5607551482543696,0.36835862068965514,0.3821894633568512,0.38954285714285714,0.3728952380952381,15,0.95,0,0,0.5257825349345571,0.4969204874981043,0.4623296512547108,0.49953184512415877,2210,568,0.5296292413002128,0.9733577299348172,0.14804987132196973,0.734392321296048,27045
3000,0.62,0.3944666666666667,0.47363138233202184,0.37058850574712643,0.41570524431916767,0.38988571428571434,0.3744455486542443,15,0.95,0,0,0.2611537408568209,0.5153931109456491,0.3195100404661502,0.3736536456074773,2892,741,0.5264908838672252,0.9712586321617466,0.14613413468214473,0.7327508690255179,35536
3500,0.62,0.39499999999999996,0.36501713031124805,0.37171034482758625,0.4287495632608189,0.3906714285714286,0.3750993788819876,15,0.95,0,0,0.2561046074695847,0.18088605413288528,0.16814281349065782,0.24130724519837618,3545,901,0.5269546743953997,0.9709501744353587,0.14030658400396687,0.7286807978247184,42401
4000,0.68,0.39836666666666665,0.5664091015948993,0.3739701149425288,0.43680834650448175,0.3941,0.37687246376811595,15,0.95,0,0,0.32988192126748644,0.521522218284539,0.36897595699879626,0.44390307982628324,4374,1097,0.5268568360259805,0.97014373054999,0.140390724012686,0.7300780010834003,50524
4500,0.75,0.4007666666666667,0.5094926893181274,0.3756758620689655,0.44334189348700626,0.3966285714285715,0.3781407867494824,15,0.95,0,0,0.4476083912675139,0.4637827594119042,0.37773530061496924,0.4230011008982456,4698,1217,0.5201556417792905,0.9684207337556192,0.1276247083616944,0.7240818089964628,59234
5000,0.74,0.4016333333333334,0.5946001386489995,0.37643908045977004,0.452247693143508,0.39730000000000004,0.3785544513457557,15,0.95,0,0,0.6159741451158087,0.6239506027148328,0.5870751250663371,0.5704670671114143,4956,1314,0.5155652926941204,0.9674415168966684,0.11659037592115126,0.7182010343155723,69240
5500,0.77,0.40266666666666656,0.5062178424505908,0.3769517241379311,0.45608578797966115,0.39862857142857144,0.3791552795031056,15,0.95,0,0,0.45792485217837975,0.5182044257065964,0.4309539337979206,0.44690743552299067,5527,1469,0.5150988440157523,0.9664364033361655,0.11548869676294142,0.7174701321880174,79827
6000,0.68,0.40303333333333335,0.38133971802331845,0.37676091954022994,0.46027895792834506,0.39875714285714287,0.37867619047619044,15,0.95,0,0,0.4159868856976147,0.6367259049465894,0.43888507265662285,0.3946008093226121,6051,1609,0.5149641305446423,0.9657902812631025,0.11445664126879122,0.7159537468473899,89458
6500,0.66,0.4037,0.40074525691077384,0.37717471264367813,0.45480970548793387,0.3995,0.378959420289855,15,0.95,0,0,0.3316757361373733,0.4601104373537662,0.31259248933019007,0.33589246235596787,6265,1671,0.5126924333498625,0.9651810319256094,0.10492254054475074,0.7088549796167821,96231
7000,0.8,0.4036666666666667,0.38798492976011595,0.3774666666666666,0.4349261830029255,0.3999857142857142,0.37906542443064184,15,0.95,0,0,0.3445066654949703,0.3500697867715918,0.28097236628826866,0.31537636114748846,6525,1762,0.510255140694722,0.964612743102319,0.10034467653794085,0.7051081819607016,102453
7500,0.74,0.4039,0.3406033222116561,0.377216091954023,0.4288806651678494,0.40054285714285714,0.3791701863354037,15,0.95,0,0,0.4320557487220332,0.30277720974331856,0.2904714995878193,0.3042055058594875,6960,1890,0.5106750978924557,0.9640246229902908,0.10046412241881582,0.7042248835935289,109210
8000,0.66,0.4043,0.4908830426028949,0.37759310344827585,0.42452821550846753,0.4015999999999999,0.37890020703933747,15,0.95,0,0,0.5054860814588616,0.4040176191328238,0.3848786227775255,0.4218159756446228,7323,1978,0.5113939933064194,0.9639033273711526,0.0988936797678716,0.7024371326480057,115220
8500,0.75,0.40530000000000005,0.39657377875662136,0.37799770114942527,0.41360021884495934,0.4029142857142858,0.3784811594202898,15,0.95,0,0,0.36902760198309426,0.3816595734028797,0.3020466618611424,0.3363978736610154,7592,2052,0.5114543804366926,0.9631129624843138,0.09379545966678156,0.6979163451663574,120851
9000,0.72,0.40606666666666663,0.4186993774596655,0.3783586206896552,0.39947442928999843,0.40388571428571424,0.37798343685300206,15,0.95,0,0,0.5504757760661375,0.5584199979292019,0.46490128575762873,0.4183584801931504,7727,2097,0.5104537502523234,0.9626677463788996,0.08657967471984189,0.6924635140723169,125028
9500,0.6,0.40469999999999995,0.25567424337768707,0.37797931034482757,0.40153260026284043,0.40290000000000004,0.3777933747412009,15,0.95,0,0,0.3658470299086323,0.27096594754824316,0.2506810566392125,0.23639100961660223,7906,2146,0.5094145913936187,0.9623528721791051,0.08094403713563086,0.6877814682461322,131142
10000,0.7,0.40653333333333325,0.43238794271655034,0.3782436781609195,0.38917882466790754,0.40445714285714285,0.3775685300207039,15,0.95,0,0,0.4954352659802194,0.4262669432568528,0.4143049863914417,0.4128557401161706,8123,2210,0.5084378150367179,0.9619993861541525,0.07700941350304408,0.684362096428833,135952
10500,0.67,0.40730000000000005,0.4590507162929481,0.3791931034482759,0.3891930684771159,0.40494285714285716,0.377951966873706,15,0.95,0,0,0.44726957210915497,0.4674234026581735,0.3978967426702773,0.41611920427040217,8329,2279,0.5069633109501593,0.9616673750677815,0.07164030139491037,0.6805766027101963,141422
11000,0.65,0.40730000000000005,0.47059598758373855,0.3791655172413793,0.4172397797959154,0.4058714285714286,0.3778256728778468,15,0.95,0,0,0.5095859117101584,0.4599306867049249,0.41929005761005356,0.4328629168320741,8569,2357,0.5049823310234595,0.961521061101789,0.06639938886433598,0.6776755209096269,147197
11500,0.66,0.40746666666666675,0.519570379672561,0.3790988505747126,0.43102665447168464,0.4067857142857143,0.37735362318840576,15,0.95,0,0,0.5304098468187924,0.5888234509211058,0.5049374602134986,0.49041645183363186,8801,2429,0.5026004426764321,0.9609662226838428,0.061734776957086054,0.6750121160150991,153436
12000,0.69,0.4078333333333334,0.5963271184434913,0.37924367816091953,0.4471491321469738,0.4071000000000001,0.37707619047619045,15,0.95,0,0,0.4319873571542892,0.5765368089477506,0.433602131600035,0.49642137311043855,9007,2497,0.5007926418826075,0.9605805928503095,0.05765948613505276,0.6728168392811503,159003
12500,0.61,0.4078333333333334,0.38800550483882795,0.37956551724137927,0.4513175135395804,0.4070142857142858,0.3766041407867495,15,0.95,0,0,0.4575679236831478,0.3770655835188041,0.36451532900370776,0.36403552101095954,9213,2566,0.4992716995673362,0.9602519469912573,0.05387832619355895,0.6706028861877507,165615
13000,0.62,0.4075666666666667,0.33576870287722865,0.37995172413793105,0.42996013934605815,0.4071857142857143,0.3765991718426501,15,0.95,0,0,0.36366719805254966,0.3596385204454048,0.30401475847931686,0.3097938533811991,9413,2633,0.49897121495224833,0.9601112037050059,0.05150569579589168,0.6692365735276081,170381
13500,0.7,0.40823333333333334,0.2396156117717499,0.3802505747126437,0.40320446619297146,0.40782857142857143,0.3762732919254659,15,0.95,0,0,0.41286558303294485,0.19411451603504123,0.22502851386009182,0.2203884081544071,9628,2701,0.4983435612565583,0.9598669295496843,0.04951987370704019,0.6678112165540554,177476
14000,0.69,0.40763333333333335,0.236399695636075,0.380048275862069,0.3590829671505714,0.40685714285714275,0.37576894409937894,15,0.95,0,0,0.5020735670198854,0.3074828074843207,0.3221820967565129,0.263210226553107,9810,2764,0.4982299073205224,0.9596289996713905,0.04738945885788455,0.6663271465474602,183714
14500,0.69,0.407,0.31896263894889315,0.3797793103448276,0.33084381162004384,0.407,0.3755561076604555,15,0.95,0,0,0.47965755642202484,0.35829833231599023,0.3281980265316358,0.31477461809773716,9988,2824,0.4975339600674511,0.9596379147300174,0.04526715288882313,0.6648022870165641,189578
15000,0.75,0.4068333333333333,0.5295364296257626,0.3809126436781609,0.32776433499773827,0.4071,0.3756310559006211,15,0.95,0,0,0.47289565558423924,0.5935348405410266,0.49895313675140324,0.4977416305692435,10289,2900,0.4978099482453167,0.9594616367809224,0.044123964453137626,0.6638181001053125,195690
15500,0.71,0.4057666666666668,0.35992142588908954,0.3814091954022989,0.3579972203755639,0.40667142857142863,0.37578674948240165,15,0.95,0,0,0.3938325861735549,0.21503978799521156,0.22058225590378608,0.2657932213530905,10513,2958,0.4977762821073196,0.9593879860297146,0.04203813580261375,0.6625613083082482,202236
16000,0.68,0.4065666666666667,0.44228715122687257,0.38216321839080464,0.4067368572920588,0.4080857142857143,0.37554451345755696,15,0.95,0,0,0.4949499213549827,0.3664307516233388,0.3222707918874765,0.3569777201090876,10634,2993,0.49794461795097805,0.959361033963883,0.03953380674900686,0.6604370913330792,208015
16500,0.72,0.40663333333333335,0.43455162932897695,0.38162068965517243,0.42065724383933123,0.4081571428571429,0.37449730848861285,15,0.95,0,0,0.4597761495667861,0.3467174438074489,0.3065432162587791,0.35520377531919856,10968,3065,0.49998046929344925,0.9591355365561193,0.03852173902592124,0.6594553395408554,213986
17000,0.67,0.4057333333333334,0.3964479229025522,0.38142068965517245,0.4138949640181514,0.40781428571428574,0.37429109730848864,15,0.95,0,0,0.44632615565986977,0.4004299430071116,0.3423262603937014,0.34951398520325294,11265,3134,0.5011323371512824,0.9586944174275803,0.03754313225830508,0.6584572282622807,220665
17500,0.72,0.4058666666666666,0.46277547195305163,0.38148045977011497,0.4099163172015018,0.4082285714285715,0.3742857142857143,15,0.95,0,0,0.4137257642242809,0.6143609092081233,0.3757596806172841,0.39801706537959786,11499,3193,0.50215914598075,0.9583962823832476,0.036008154296141674,0.6573452959379753,226933
18000,0.71,0.4064,0.5052408387668444,0.3825425287356322,0.4284241153267091,0.40898571428571423,0.3749768115942029,15,0.95,0,0,0.47882904333585163,0.4771162244850803,0.41732521429162917,0.4461153997257068,11630,3238,0.5022123136769587,0.9582416452530796,0.03370138816321561,0.6561840193948587,233625
18500,0.76,0.4072333333333334,0.4793975131179437,0.38331724137931034,0.44108256024587533,0.4100285714285714,0.3750848861283644,15,0.95,0,0,0.5938130793021116,0.5312808562710247,0.4828116321077209,0.470056207716312,11727,3281,0.5015748151261427,0.9581563474459591,0.03073049754777985,0.6547968968562073,239895
19000,0.73,0.4074333333333333,0.38677100421786587,0.3830735632183908,0.44781065705278467,0.4110428571428571,0.37412960662525874,15,0.95,0,0,0.4713225053002922,0.33820663364505205,0.30788528537037296,0.3341690550275628,11906,3350,0.5005248623216128,0.9577863400304693,0.02746848090467683,0.65330024246679,247232
19500,0.68,0.40826666666666667,0.39730180107942986,0.3838528735632184,0.4432083837321731,0.4118571428571428,0.37441573498964803,15,0.95,0,0,0.5828926982991419,0.20254271736992122,0.2713915255781346,0.32176502138598917,12047,3423,0.4986042867318594,0.957624665643592,0.02421749620031157,0.6521490067478809,253185
20000,0.57,0.4084,0.4431709873288801,0.38373333333333326,0.41855517063179193,0.41150000000000003,0.3736509316770186,15,0.95,0,0,0.5006214948451287,0.4672972209827936,0.4158953139644011,0.4185410327379234,12179,3487,0.497413814021765,0.9574417407285144,0.02142434610651315,0.6512349916650486,259057
20500,0.56,0.4097000000000001,0.4990122176434712,0.38373103448275864,0.40807806782503653,0.4125,0.3733784679089027,15,0.95,0,0,0.551651560832511,0.4917811577900926,0.47043749022274495,0.47680289691157707,12347,3558,0.4957175228661723,0.9573488868612383,0.01914890291906446,0.6503344404855561,264567
21000,0.6,0.40893333333333337,0.45895038327258036,0.38353563218390807,0.41823277992182106,0.4120428571428572,0.3728956521739131,15,0.95,0,0,0.46396958950485384,0.35597951571742037,0.36194710420531145,0.3979098332966972,12463,3603,0.4952655445690008,0.957294203765943,0.01690253287878482,0.6483296408736883,268222
21500,0.6,0.4092,0.47796072062201744,0.38320000000000004,0.4300847952419192,0.41222857142857144,0.3723047619047619,15,0.95,0,0,0.49240449009466636,0.307081407851804,0.3078201560328082,0.3750788362127078,12620,3658,0.49460556122100086,0.957194016952624,0.015429060683825487,0.6469213872970778,271918
22000,0.54,0.4088666666666666,0.3364302109439447,0.38279080459770115,0.4386882519454718,0.41305714285714284,0.3715975155279503,15,0.95,0,0,0.6819376680347113,0.42297437181880126,0.49209921531869977,0.40021639714421114,12739,3703,0.4948676802963178,0.9571514432736663,0.01390181106514901,0.6452169471511578,275405
22500,0.62,0.40746666666666675,0.23676528680300024,0.38271724137931035,0.4268330329692399,0.4120999999999999,0.3713594202898551,15,0.95,0,0,0.47393649532067544,0.21043432912446777,0.22800055650781742,0.21639440636996926,12873,3751,0.4955378420163895,0.9571746208641039,0.01255831325526235,0.6440438016018134,278991
23000,0.52,0.4078,0.4141437711406065,0.3827402298850575,0.40136400253542315,0.4123,0.37095942028985507,15,0.95,0,0,0.4980919841165859,0.40010607792160735,0.399316460387405,0.39377106932922984,13009,3802,0.49529331616565175,0.9571191776816738,0.011182726578943486,0.6426707800675217,282681
23500,0.56,0.4074,0.4504165096163363,0.3827816091954023,0.4030992604732455,0.4115142857142857,0.3704472049689441,15,0.95,0,0,0.4244302242348496,0.4526513596689281,0.3584952059884376,0.3761075765132169,13164,3861,0.49509354135536715,0.9571434757997086,0.010192428122201119,0.6416088156783982,287451
24000,0.61,0.40780000000000005,0.41658918545079415,0.3817747126436782,0.42312318917839353,0.4123285714285715,0.36905962732919256,15,0.95,0,0,0.3959689683440165,0.4583512838301538,0.3551041269694016,0.3748430088939993,13376,3939,0.49499620858177684,0.9571091222299236,0.010135168088502237,0.6410636534996598,293389
24500,0.56,0.4085333333333333,0.5028850256519793,0.3826344827586208,0.4359077146373902,0.4140285714285714,0.36915362318840583,15,0.95,0,0,0.29479470786587575,0.43916097800765935,0.3068147670699601,0.3800620616679404,13643,4020,0.49567778357971554,0.9573116949180681,0.010651327830222213,0.6403312897093212,298116
25000,0.59,0.40840000000000015,0.3528603469080378,0.38235402298850574,0.44984705794032076,0.4138857142857143,0.3685913043478261,15,0.95,0,0,0.2743192940164095,0.2268409110520995,0.18155154907919935,0.24034065036926353,13813,4077,0.49561107907582386,0.9572148155606744,0.010684541759043025,0.6394222218215649,301687
25500,0.64,0.4077333333333334,0.30730520830671987,0.3824367816091954,0.43980078374847187,0.41338571428571425,0.36846666666666666,15,0.95,0,0,0.37335806174517755,0.33397777822817554,0.2270130540323122,0.23839937641833134,13989,4145,0.49558954036870323,0.9572007752184277,0.010500909278393032,0.6385085327997315,305185
26000,0.59,0.408,0.4011573137404475,0.3823586206896552,0.4197527874861141,0.41405714285714296,0.36771345755693585,15,0.95,0,0,0.21991670226888263,0.3012315938224161,0.18110963202598332,0.25985449980955744,14260,4222,0.49593235906876154,0.9572972046609904,0.011004668461426004,0.6379222381868875,309165
26500,0.63,0.4081666666666666,0.3577976283387756,0.38236551724137935,0.4213607724968601,0.41527142857142857,0.3669494824016563,15,0.95,0,0,0.5169725054757942,0.4156867506907326,0.398730883321333,0.3686406726249479,14578,4316,0.4970093930110272,0.9573628261563136,0.011829985180489937,0.6376908651797359,313903
27000,0.64,0.4076000000000001,0.29088396435938446,0.3821425287356322,0.4203865178172429,0.41544285714285706,0.3665146997929607,15,0.95,0,0,0.37626763143076697,0.16530977915733297,0.1940004354011068,0.2250754554505598,14874,4400,0.4964849341387487,0.9572349757063456,0.012320037390919783,0.6372439292844686,317891
27500,0.58,0.4075333333333333,0.4205869946836016,0.3821379310344828,0.408522405885794,0.4158285714285714,0.36669399585921325,15,0.95,0,0,0.5142036801181834,0.49053473981851703,0.4519187273590849,0.42206153527464724,15056,4464,0.4959607868488301,0.9571757669929513,0.012314355124925087,0.6365339037354721,321559
28000,0.55,0.4086666666666667,0.4215411673386967,0.3824781609195403,0.4017974948020322,0.41704285714285716,0.36640207039337475,15,0.95,0,0,0.4335997679122054,0.3554558075712287,0.31732159537030497,0.354302773596295,15241,4532,0.4956579361755584,0.9571894071448874,0.012290642672187897,0.635808753200262,325553
28500,0.44,0.40833333333333327,0.34617700341021795,0.381935632183908,0.40031499437444984,0.41662857142857146,0.3654708074534162,15,0.95,0,0,0.3564958197225992,0.46966687823955966,0.34167695489954125,0.3303839622784949,15508,4600,0.4954006923427527,0.9572255170573942,0.0121772770253067,0.6347852092716108,328830
29000,0.37,0.4075333333333333,0.29672421948482663,0.381416091954023,0.3866109139013274,0.4152285714285714,0.36445797101449273,15,0.95,0,0,0.3949551002046384,0.34490161876695336,0.2855498583190785,0.28318970871616855,15630,4636,0.49539698971092544,0.9571868013744008,0.011672779104262558,0.633319337795049,331256
29500,0.54,0.4075666666666667,0.25098963226085963,0.3814183908045977,0.36459972052903333,0.41550000000000004,0.36467287784679087,15,0.95,0,0,0.3286498212174924,0.1698569105646565,0.15899535703667936,0.1874169627116884,15800,4682,0.4950316044671955,0.9570353763195762,0.011228787346426293,0.6319709993265247,333802
30000,0.47,0.40769999999999995,0.3145828222253276,0.38087126436781615,0.32582279024419825,0.4160571428571429,0.3640935817805383,15,0.95,0,0,0.39745535083295364,0.29958215821656425,0.2891014547689276,0.28953506836085413,15968,4732,0.4954689785767187,0.9568924435123651,0.010482519040703275,0.6304288254869502,335974
30500,0.5,0.4069000000000001,0.16604159541726904,0.3799057471264368,0.3032248846068616,0.4150428571428571,0.362975983436853,15,0.95,0,0,0.3849593770479736,0.09104114022639628,0.11599928975451777,0.12921764503818697,16106,4776,0.49588788092499203,0.9568801404650391,0.010034883905649489,0.6289107149254916,338798
31000,0.46,0.4060333333333333,0.19497085546854984,0.3791701149425287,0.24172549494170148,0.41384285714285723,0.36161532091097304,15,0.95,0,0,0.4521467477659405,0.23480723726484382,0.24364409975355822,0.202196928688522,16215,4814,0.4961736609244246,0.9568086479422468,0.009820716973644263,0.6274387390019986,340913
31500,0.44,0.40486666666666665,0.18474467002179062,0.37836781609195397,0.19953291446383836,0.41285714285714287,0.36074285714285714,15,0.95,0,0,0.38738474688522884,0.13281902859452213,0.1800204747250522,0.17105056804128957,16378,4858,0.4974446312719257,0.956619246059797,0.009917419916233456,0.626166618788976,342735
32000,0.36,0.4032,0.27042825293638845,0.3776413793103448,0.1805039694468643,0.4117571428571429,0.3597304347826087,15,0.95,0,0,0.4144323610806788,0.3062361664492293,0.2493532997537052,0.2401052938559931,16530,4894,0.49832893449511617,0.9564555032942683,0.009874449184987692,0.6246930206032715,345251
32500,0.47,0.4020666666666667,0.19774382709518623,0.37659770114942526,0.20239794274484368,0.4104285714285715,0.3583627329192547,15,0.95,0,0,0.33199900234132534,0.14063403110067366,0.1346907957597298,0.15191958016654286,16668,4931,0.49894639943745644,0.9564222184292996,0.009968940999964728,0.6234814152178858,347162
33000,0.61,0.4014333333333333,0.22190770757627432,0.37633793103448276,0.23793270300719882,0.4101142857142857,0.35770848861283644,15,0.95,0,0,0.2688963409177409,0.1429414695883211,0.1521450860489798,0.16632408450293026,16789,4958,0.49997329118517836,0.9564174067219758,0.010057528200663744,0.6224011992378891,349084
33500,0.49,0.4016,0.33704130179166863,0.3763678160919541,0.25192345866023935,0.41005714285714284,0.3572057971014493,15,0.95,0,0,0.34751776041932414,0.2717684463198646,0.2332800653751055,0.27230194528755297,16913,4995,0.500155222608384,0.9563302415101143,0.009986434739462037,0.6212741567369028,351081
34000,0.54,0.40169999999999995,0.32778890101381325,0.37613563218390805,0.2930771510639275,0.41027142857142856,0.3567606625258799,15,0.95,0,0,0.5183631550984721,0.3799007161882688,0.3878359933430684,0.3454704454373975,17045,5031,0.5005863223790337,0.9563000572809001,0.009602764281463507,0.6200150838878585,352813
34500,0.39,0.4021,0.18005783224986976,0.375528735632184,0.3299398594395342,0.4108142857142858,0.35553747412008285,15,0.95,0,0,0.3750877462432202,0.2202879841503497,0.21809392552563497,0.18738722506036468,17191,5063,0.5012708935805802,0.9563057316913258,0.009273706091811808,0.6186698056437294,354807
35000,0.56,0.40090000000000003,0.28372838729434974,0.3749770114942529,0.3331007206767196,0.4099571428571429,0.35489316770186335,15,0.95,0,0,0.3894422038853692,0.28259825261947197,0.2604254048657598,0.25925229959610957,17335,5098,0.501754482788143,0.9562985519881716,0.008974132029057504,0.6175696408412857,356150
35500,0.49,0.4006,0.24108066960131644,0.37491034482758623,0.29937112789976716,0.4098571428571429,0.3546625258799172,15,0.95,0,0,0.33967063719280943,0.11055790361351911,0.1446488742979625,0.18018883810406977,17470,5125,0.5021435274901869,0.9562058663861044,0.008725913774967611,0.6163997329133729,357952
36000,0.53,0.3996,0.22348185935271586,0.37454252873563215,0.25610025196743935,0.40935714285714286,0.3537983436853002,15,0.95,0,0,0.32730225566996807,0.20931237532370572,0.22240779302121189,0.21647774351390883,17661,5169,0.5025443947952182,0.9560505557417371,0.008649238025051293,0.61554216012467,359957
36500,0.43,0.3986666666666668,0.2620970691987908,0.37454252873563215,0.2316138624085864,0.4084428571428572,0.3537412008281574,15,0.95,0,0,0.37657232894416026,0.18231638045673612,0.2283152621816927,0.23073375691475292,17802,5208,0.5027304233938246,0.9560217186998475,0.008424753017525165,0.6146161867301401,361853
37000,0.61,0.3982333333333334,0.25881503333674477,0.37453563218390806,0.23936713433480528,0.40745714285714285,0.35302443064182193,15,0.95,0,0,0.4620667921099424,0.3382097229883109,0.3144056057291432,0.2601293319643444,17907,5240,0.5028271222767984,0.9559740361980338,0.008364158517672502,0.6138875262515613,364052
37500,0.53,0.3980666666666667,0.2364271188874027,0.37411494252873567,0.27322439126163167,0.4071571428571429,0.3525701863354037,15,0.95,0,0,0.5329552665487903,0.2369167808443937,0.2919912911503528,0.24333585442093236,18108,5282,0.5034519571052806,0.955955134205562,0.008561925478309305,0.6131702476627938,365714
38000,0.61,0.3978333333333332,0.17989362663942984,0.37385057471264366,0.28917235959032317,0.4068428571428572,0.3521792960662526,15,0.95,0,0,0.30454246724343587,0.17157385129410738,0.16621293670071166,0.15828047727584957,18372,5337,0.504824690776265,0.9560756577281113,0.009090897668521806,0.6126277398416747,368191
38500,0.62,0.3975333333333334,0.3295605793665263,0.3739586206896552,0.27240272393091014,0.40662857142857145,0.3522633540372671,15,0.95,0,0,0.376310736967662,0.22389927994458386,0.22371716069958808,0.24828012161999313,18543,5392,0.5047123208369139,0.9561415117768702,0.009729714071978658,0.612215684273203,369962
39000,0.53,0.3958666666666666,0.18639011243456985,0.3734528735632184,0.2599075279859592,0.40527142857142867,0.35131552795031057,15,0.95,0,0,0.5501567065941494,0.16441027952845,0.24836143189057688,0.20387281098980828,18737,5436,0.505068674817905,0.9561410793009542,0.01021707955860104,0.6118299567325663,372229
39500,0.59,0.3962,0.2523754088747162,0.3737287356321839,0.26372794434779545,0.40621428571428575,0.3513337474120083,15,0.95,0,0,0.2676227068339328,0.2715698763683779,0.22145315346640276,0.2242768635461016,18930,5496,0.5053027954001647,0.9561881401710604,0.010719947131077993,0.6114944866171573,374699
40000,0.58,0.3962333333333333,0.32763310772633686,0.374016091954023,0.2963814431382551,0.4067714285714286,0.35181118012422363,15,0.95,0,0,0.31748784106159766,0.4237803863740101,0.3063429539244053,0.29516031400076287,19115,5549,0.5052254919551259,0.9561217586981022,0.010980653376065679,0.6111098714453402,376575
40500,0.63,0.39503333333333335,0.2801814288601897,0.3738,0.33144357188434515,0.4064428571428572,0.3517469979296066,15,0.95,0,0,0.34844181591853085,0.2567769281548674,0.2389992929736211,0.24820807710874726,19336,5602,0.5056615576983969,0.9562086910606208,0.011151658621150272,0.6106753001202834,378684
41000,0.49,0.3942,0.22525030851868882,0.3732045977011494,0.34120138006915246,0.4056571428571428,0.35083892339544515,15,0.95,0,0,0.4485436868234705,0.27960628742497085,0.30942122569014613,0.25355164544799197,19573,5664,0.5058505774516616,0.9561352228519795,0.011428581235316659,0.6102495379715109,380928
41500,0.65,0.3936666666666666,0.3326134869482668,0.37309885057471265,0.3245740326695449,0.40555714285714284,0.35076397515527946,15,0.95,0,0,0.33895092611964583,0.2837223496747188,0.22049772907416945,0.2604203169554236,19814,5709,0.506636018310696,0.9561842123892796,0.011517798739470207,0.6097751593219098,383483
42000,0.57,0.39299999999999996,0.31314277903534127,0.3724965517241379,0.31942446104864586,0.40542857142857147,0.34997763975155277,15,0.95,0,0,0.3541390502016895,0.29602621809816987,0.24563246078229545,0.2697268986755883,20050,5759,0.5075957440982778,0.9563032357418574,0.0116123497932841,0.6093839554352352,386755
42500,0.64,0.3938666666666667,0.5334099118844499,0.3721655172413793,0.3459204826573402,0.40624285714285724,0.3491416149068323,15,0.95,0,0,0.4477102542894444,0.5310613632414827,0.42733360065470805,0.46127026558197964,20305,5823,0.5080738813610812,0.9563100224095235,0.011763617255054828,0.6091781217073895,389615
43000,0.52,0.39313333333333333,0.28390529630228956,0.3713149425287356,0.38402290091366165,0.40528571428571436,0.34806873706004143,15,0.95,0,0,0.35322775508954646,0.2689708824280533,0.20058075282634064,0.20716005357358894,20515,5879,0.5083935723371347,0.9563620353177008,0.011974018824149207,0.6089243049676552,391787
43500,0.44,0.39253333333333335,0.27969601381398174,0.37098850574712644,0.3867432083088812,0.40484285714285717,0.3475714285714286,15,0.95,0,0,0.4947180212079425,0.24482651411470394,0.3026243396550113,0.27879796944190255,20724,5929,0.5088149792936947,0.9565070799604131,0.01203717750208244,0.6084651395865371,394035
44000,0.43,0.39239999999999997,0.4087965767120879,0.37127816091954025,0.3706584812748367,0.40464285714285725,0.34774037267080743,15,0.95,0,0,0.47294856894425535,0.3052654929378918,0.30190689042510693,0.3237710234957935,20885,5970,0.5091622797152177,0.9565722205091101,0.012078621170730686,0.6079816665349722,396279
44500,0.42,0.39153333333333334,0.25139467710439223,0.37109885057471265,0.3774317268664701,0.4037000000000001,0.34729233954451344,15,0.95,0,0,0.2800884959117506,0.18460143532140286,0.1591579732444713,0.18125887734590365,21076,6017,0.5098517670305502,0.9567441663633778,0.0121036920046249,0.6075662557253954,397950
45000,0.47,0.3917333333333333,0.20693159265103742,0.37098390804597703,0.375220933810805,0.4037428571428571,0.3470790890269151,15,0.95,0,0,0.4328155641660907,0.26682624776563124,0.2734595573627027,0.22485999082191918,21312,6066,0.5106735191038994,0.9568493623203229,0.012150850194133915,0.6072328065965436,399706
45500,0.4,0.39119999999999994,0.23747337891950393,0.3712045977011494,0.343071420627421,0.4029285714285714,0.3465660455486542,15,0.95,0,0,0.2407668238978157,0.21796131626424733,0.18095645915549233,0.18673481519696872,21465,6100,0.5111215674397441,0.9569112031712631,0.012018604010157924,0.6067259696742746,401334
46000,0.49,0.3911999999999999,0.2786606157594728,0.37154022988505747,0.31682739034974516,0.4031714285714286,0.3466583850931677,15,0.95,0,0,0.3762490746060501,0.19151941090718808,0.1980380562700956,0.22498890449878858,21616,6133,0.5113888623456634,0.9568228014910451,0.011931663111013874,0.6062779258369517,403347
46500,0.6,0.3905666666666667,0.306585405493243,0.37125287356321834,0.30996318499625064,0.40228571428571425,0.34660538302277427,15,0.95,0,0,0.4563936676855097,0.5165175622487611,0.4212382370534455,0.34784169499251,21745,6163,0.5113890286700605,0.9567030591639173,0.011655617725784061,0.6057394441505302,404782
47000,0.4,0.3901333333333333,0.3307694127590643,0.3703770114942529,0.2908137576146318,0.40159999999999996,0.34501283643892333,15,0.95,0,0,0.29255769012925165,0.37682034687547333,0.2539873900028621,0.2763325738870735,21943,6209,0.511476357014263,0.9566512921889077,0.011558513850958784,0.6053270005348735,407092
47500,0.48,0.3905,0.4036992170609873,0.37002988505747125,0.2940711497009505,0.4024285714285715,0.3445672877846791,15,0.95,0,0,0.44194974319229646,0.5603920225183632,0.4534231963294611,0.4143648571293582,22138,6256,0.5117684485090539,0.9565665482722778,0.01138880068835692,0.6048673060362826,409614
48000,0.54,0.3899,0.23651391443071096,0.36977241379310344,0.31477605163539235,0.4020285714285714,0.3444074534161491,15,0.95,0,0,0.34561787846782044,0.14673348065583522,0.14719273055098336,0.17894542943643865,22333,6313,0.5119952721702389,0.9566397915125826,0.011673975286620262,0.6046889298654098,411900
48500,0.48,0.38823333333333326,0.2228706785348671,0.3689034482758621,0.30370697189722584,0.40038571428571423,0.3437345755693582,15,0.95,0,0,0.3714546157743322,0.07484628921408344,0.12403049691282433,0.15839269296616967,22506,6363,0.5119482893603136,0.9566885881791521,0.011849471383134788,0.6043773783929962,413180
49000,0.47,0.38716666666666666,0.2628232433266702,0.36921609195402294,0.2682193121401152,0.39971428571428574,0.3435370600414079,15,0.95,0,0,0.24011850951081637,0.18654229990787252,0.15402618853372163,0.1838673169422578,22633,6404,0.5118646038310893,0.9566637874018815,0.01195480705334915,0.6040791080400223,415771
49500,0.51,0.3853333333333333,0.17600164004672822,0.3682988505747126,0.2583035781604781,0.3980714285714286,0.3426389233954451,15,0.95,0,0,0.3101689624625182,0.05789333082817241,0.07231584212420276,0.1048803887431799,22760,6435,0.5120998565249456,0.9566763209804624,0.011690900006019305,0.6034487709259075,417839
50000,0.45,0.3852666666666666,0.30023768312306487,0.36844597701149423,0.2417082596043716,0.39820000000000005,0.34256397515527953,15,0.95,0,0,0.33071981178573473,0.2747310076516289,0.22692125266298913,0.251001539792757,22928,6478,0.5123585258688487,0.9566313665040203,0.01171722337954981,0.603134146143141,420323
50500,0.4,0.38296666666666657,0.15572114704777512,0.3673310344827586,0.23222156200886668,0.3969857142857143,0.3422347826086956,15,0.95,0,0,0.26434577627645517,0.11658160367027427,0.10638994061195309,0.12360203746298251,23069,6520,0.5124073969737527,0.9567165089331945,0.011771288627763409,0.602627138616978,422153
51000,0.28,0.3826666666666666,0.2226567228918401,0.36752643678160923,0.20693569262210287,0.39721428571428563,0.34246749482401656,15,0.95,0,0,0.3471138751180521,0.1240780959103167,0.12152650008030551,0.1578787917611181,23221,6559,0.5124541042062203,0.9567308420710959,0.011813043937284476,0.6021703602433097,424741
51500,0.34,0.3823666666666667,0.4552695328788295,0.3672804597701149,0.19769879730113427,0.39764285714285713,0.3419623188405797,15,0.95,0,0,0.43156566772538596,0.5164192190990905,0.3454626098919764,0.3812092220385969,23375,6596,0.5128400564869295,0.9567321056097756,0.012088841216944809,0.6016914714323599,426781
52000,0.37,0.3821333333333333,0.21291043603630347,0.3670298850574713,0.25448598651703114,0.39725714285714286,0.34145175983436854,15,0.95,0,0,0.3304100531651869,0.22240148609252428,0.1991200262827304,0.19632569922384752,23549,6642,0.5130747285632775,0.9567576266094517,0.012382707490060908,0.6012379024132428,427924
52500,0.36,0.3824666666666666,0.20920376957291595,0.366551724137931,0.2761039509111297,0.3978857142857143,0.3407478260869565,15,0.95,0,0,0.3846434633235069,0.17785288215737344,0.20690844336094588,0.20395673218352217,23665,6672,0.5133062676254332,0.9568349480991414,0.012518894207246741,0.6006943322332288,429238
53000,0.33,0.3804666666666667,0.13029221300241103,0.3648045977011494,0.24279067574006152,0.39572857142857143,0.3388848861283644,15,0.95,0,0,0.28763665854123965,0.22695950320963643,0.21432203581125825,0.15565249953316862,23759,6702,0.5133803161794092,0.9568132288245589,0.012557134312225555,0.6000883411644992,430187
53500,0.39,0.3793333333333334,0.10839829129894682,0.3636551724137931,0.2109065841977772,0.39442857142857135,0.3376861283643892,15,0.95,0,0,0.37578672310748207,0.09484388563100318,0.12832922821664655,0.11241554017025145,23847,6728,0.5134853535786278,0.9568177337463722,0.012486755451322964,0.599444249612983,431377
54000,0.43,0.3775333333333334,0.09468720819453431,0.3625655172413793,0.15347314582190563,0.39280000000000004,0.3365614906832298,15,0.95,0,0,0.4990698894416019,0.06723206924039941,0.14076587484789327,0.10943178687467968,23909,6747,0.5136386915971769,0.9568959577069887,0.012324631918018553,0.5986648068061967,432343
54500,0.35,0.3758333333333333,0.07473972256951492,0.3613448275862069,0.12244543401567465,0.39115714285714287,0.3359250517598344,15,0.95,0,0,0.5160100394762435,0.04992408766018618,0.10335204011286238,0.08011957653535202,23982,6768,0.5137624633477634,0.9569139031019978,0.01235903374894919,0.5980230589870382,433392
55000,0.41,0.3743,0.17153227489329292,0.36044827586206896,0.09831293577924372,0.3897285714285715,0.3349610766045549,15,0.95,0,0,0.4027722024173486,0.22161434539356645,0.23922497964457742,0.18609851714998654,24019,6783,0.5136366768031991,0.9568712855936687,0.01245920585368101,0.5973888239923112,434298
55500,0.47,0.37356666666666666,0.16271156340098294,0.3597126436781609,0.10206087659986529,0.3896285714285714,0.33467329192546585,15,0.95,0,0,0.28956204232668414,0.14137416110564677,0.1331661339891595,0.13201132541535004,24087,6803,0.513693890702557,0.9568931837060607,0.012488182030397418,0.5967039936277848,434962
56000,0.35,0.37273333333333336,0.19366865093068772,0.3590206896551724,0.1244259274398205,0.38900000000000007,0.33391801242236024,15,0.95,0,0,0.2325474979188629,0.14046954488853924,0.06414624795000581,0.0996844569155941,24118,6813,0.5136640765567156,0.9568615414650241,0.012075870611513212,0.5957417754192624,435572
56500,0.5,0.37196666666666667,0.20157951182870198,0.35848045977011495,0.14433650160746214,0.38925714285714286,0.33355362318840576,15,0.95,0,0,0.4660627892516445,0.39963428854075933,0.3741093266101973,0.2510405918069736,24149,6822,0.513649046386684,0.9568216918233202,0.011617357050366291,0.5947727595853427,435694
57000,0.47,0.37189999999999995,0.21820561095436472,0.35749655172413797,0.18137079916784804,0.3900571428571428,0.33276604554865424,15,0.95,0,0,0.4469670838928047,0.24096999336756883,0.22565508074372967,0.21191176554052013,24179,6833,0.5135643948854554,0.9568167689630014,0.01121595125341572,0.5939051975733659,436354
57500,0.5,0.3710333333333334,0.2125606528805486,0.35700919540229886,0.20059473675477912,0.3900857142857143,0.3327246376811594,15,0.95,0,0,0.3302249852767002,0.21864302685631545,0.20456137582600453,0.19245672647420728,24207,6843,0.5135642833100257,0.9567892324579723,0.011059663773150137,0.5931731914755061,436839
58000,0.43,0.3701666666666666,0.34252495514856374,0.35747356321839074,0.2430795672874123,0.38958571428571426,0.33263395445134575,15,0.95,0,0,0.42456233714511754,0.41376094468264746,0.30536507464465523,0.3060599641150831,24315,6880,0.5132539201622566,0.9567688039382778,0.011322798753261391,0.5927223982382157,437496
58500,0.5,0.3701666666666667,0.2612445212893272,0.3574183908045977,0.26800485409842656,0.3894857142857142,0.3320985507246377,15,0.95,0,0,0.30095386910732985,0.22769798537064095,0.1774692095710219,0.1889770236807172,24452,6918,0.5134483282650789,0.9568820691234319,0.01177938885510324,0.5923543036042835,438114
59000,0.4,0.37023333333333336,0.339437186296121,0.3571241379310345,0.2927143381719576,0.3899714285714286,0.3319635610766046,15,0.95,0,0,0.31436192712155725,0.4793130979824078,0.2469503128592944,0.2734471326280556,24607,6966,0.5130952737412243,0.9569759633923638,0.012189044658596833,0.591949614588377,438949
59500,0.43,0.36956666666666677,0.23324870016669041,0.35633333333333334,0.2965008545909724,0.3891428571428572,0.3312265010351967,15,0.95,0,0,0.30522730233328677,0.13474972847781466,0.12261225643118845,0.16060897900211016,24694,6993,0.5129596537441756,0.9570543865327371,0.012180897731559105,0.5912494101987994,439553
60000,0.38,0.3689333333333334,0.2578503096778153,0.3557057471264367,0.26325450651609483,0.3885571428571428,0.330704347826087,15,0.95,0,0,0.39453417158388215,0.3208699401192177,0.27405990218106624,0.242887413183723,24769,7016,0.5128574339464897,0.9571078325994115,0.01225127792910832,0.5905224795880047,440593
60500,0.48,0.3673666666666667,0.314147285862784,0.3551701149425287,0.24465318302087535,0.3882999999999999,0.3302447204968944,15,0.95,0,0,0.29173777213262064,0.33686527611270517,0.2607076518642324,0.2777392297605178,24844,7045,0.512823775048924,0.957176457802401,0.012339884867172746,0.5898144772006702,441247
61000,0.37,0.3661333333333333,0.19126381161220093,0.3543448275862069,0.24646474694806741,0.38794285714285714,0.330207867494824,15,0.95,0,0,0.3842755777551622,0.17667897207940517,0.17496175682592524,0.17548267598797432,24946,7073,0.5126504390603503,0.9572877327828404,0.012512220168839818,0.5891591694444295,442340
61500,0.48,0.36479999999999996,0.22324180283552195,0.35418850574712646,0.24154038057549876,0.3871571428571429,0.3300062111801242,15,0.95,0,0,0.2944818801358647,0.2676611535595018,0.22684683199804404,0.2155313750624523,25053,7104,0.5126594472400756,0.9573348569676755,0.012665860343734571,0.5885815833762863,443449
62000,0.45,0.3642666666666666,0.2699779543902037,0.3539080459770115,0.23316750703856326,0.3863285714285714,0.3295010351966874,15,0.95,0,0,0.3644139497941797,0.2789620411862343,0.20316694616679604,0.22325246008913757,25162,7137,0.5126308660974546,0.9574340199628742,0.01271924030017942,0.5880978762665422,444527
62500,0.49,0.3634666666666666,0.29876027259722426,0.3532413793103448,0.2435701930104276,0.3851571428571429,0.3287937888198758,15,0.95,0,0,0.23122434417039484,0.3037083012270406,0.1535947518442063,0.20491664058781614,25307,7169,0.5128468396691602,0.9574769408467042,0.012791678375329118,0.5876096035251084,445786
63000,0.5,0.36279999999999996,0.37691571456147366,0.3526804597701149,0.2838247572121434,0.3847142857142858,0.32810186335403724,15,0.95,0,0,0.237442288062097,0.28451354490892644,0.1891422365670959,0.2535928813965039,25451,7202,0.5129912313315552,0.9575303415540997,0.012764441556373097,0.5869808916875489,446572
63500,0.49,0.3618333333333333,0.15469807889101617,0.35211724137931033,0.3199203043858866,0.38360000000000005,0.32733830227743266,15,0.95,0,0,0.33307215830689885,0.04507925719843622,0.05674438339398246,0.08531035420173125,25589,7234,0.5131454454366438,0.957572220305767,0.012604146364632075,0.5862937844078697,447248
64000,0.59,0.36123333333333324,0.23789236982170678,0.3516206896551724,0.31297260274212557,0.38284285714285715,0.32696687370600414,15,0.95,0,0,0.36672898080117994,0.1607550306868159,0.1659582737154838,0.18700977453864956,25709,7263,0.5132593005031246,0.9576368428186379,0.01251648022204711,0.5857323242452609,447794
64500,0.4,0.3618666666666667,0.3517892366701474,0.3517655172413792,0.30018669564001776,0.38394285714285714,0.32700621118012424,15,0.95,0,0,0.4536789646395279,0.245193013420232,0.2745876289919408,0.3000464257430316,25857,7292,0.5136425634969789,0.9577086136311426,0.012322860893930681,0.5851428211413453,448643
65000,0.52,0.3604666666666666,0.3244312020444274,0.3511126436781609,0.32787784104125217,0.3826714285714285,0.32633333333333336,15,0.95,0,0,0.3743062501287281,0.3322785123888163,0.26859874185802596,0.2774481891810378,26047,7338,0.5139392349708566,0.9577889120240989,0.012360284304031202,0.5847176754507233,449846
65500,0.47,0.36223333333333335,0.3831011759329584,0.35288505747126436,0.3542740941284701,0.38450000000000006,0.32777929606625256,15,0.95,0,0,0.2661696971772095,0.41839032571772067,0.27128961744742136,0.3107214435745054,26173,7375,0.5139173478883918,0.9578789269143432,0.012221175981066876,0.5841177885353881,450749
66000,0.51,0.36143333333333333,0.226425482369197,0.35291724137931035,0.38156214768802954,0.3843571428571429,0.32774120082815733,15,0.95,0,0,0.3435643060784094,0.2197402536777653,0.1862181605569793,0.19134166419949103,26352,7413,0.514503355607662,0.9580163146387345,0.01224339554280849,0.5837368167310543,451773
66500,0.6,0.36156666666666665,0.28728570447145896,0.35356091954022983,0.3649745791180401,0.3849857142857144,0.32785962732919255,15,0.95,0,0,0.4032022684837868,0.2709750123747403,0.2699241162920661,0.26174135917991176,26441,7444,0.5144309899884418,0.9579867659583465,0.012142630590477634,0.5833251853821835,452799
67000,0.54,0.36013333333333336,0.2257185768441789,0.35255172413793107,0.3223770718647583,0.38381428571428566,0.32699834368530023,15,0.95,0,0,0.3977188943311771,0.1432836247808837,0.1315593513581623,0.15924509254025507,26542,7473,0.5145974455924133,0.9580394565918113,0.012132725073682933,0.5829101299916418,454032
67500,0.55,0.35963333333333325,0.28472008209979077,0.35258620689655173,0.2996133719704568,0.3841,0.32689565217391303,15,0.95,0,0,0.2833441755960706,0.22328205647272265,0.2100295067365091,0.23002074403614733,26680,7507,0.5146946969817138,0.9579980435650113,0.012133444352281312,0.58255820040914,456044
68000,0.57,0.35953333333333326,0.29322804918567374,0.3525241379310345,0.2839013384028968,0.3842285714285714,0.32681821946169776,15,0.95,0,0,0.3430748697828236,0.3933315937596122,0.2899517296140138,0.2817140266075666,26768,7532,0.5147542566340748,0.9580305128082041,0.011802723120965164,0.5820515678782762,457011
68500,0.52,0.3585,0.3163460894579181,0.3521494252873563,0.28684867266980785,0.3834,0.32645465838509313,15,0.95,0,0,0.41359297546333373,0.20241457112831593,0.19582719316636463,0.24267103413929897,26909,7562,0.5150451124470715,0.9580436715684891,0.011693032792792398,0.5817464780335114,458274
69000,0.6,0.35816666666666663,0.3308769046192617,0.35279310344827586,0.2969779502919989,0.3837285714285714,0.3266447204968944,15,0.95,0,0,0.47642103634939104,0.22007161874221348,0.24873816524664763,0.26952651368208774,27020,7594,0.5151747770714225,0.9581027764017904,0.011488961574177725,0.5813663684177112,459531
69500,0.47,0.3583666666666667,0.26281684886330337,0.35278390804597703,0.3095262100259597,0.3839571428571429,0.32593250517598343,15,0.95,0,0,0.36538241904566565,0.21522750065411733,0.21897860601127192,0.22867610718604825,27154,7632,0.5152829820153632,0.9580710642634586,0.01126791104615759,0.5810536025279783,461396
70000,0.58,0.3570666666666666,0.24267958515940483,0.3519770114942529,0.3072137873493832,0.3828142857142857,0.3251175983436853,15,0.95,0,0,0.3258285788991616,0.15508289745544307,0.1595431435482582,0.186678133946757,27262,7656,0.515549653265573,0.9581034159402704,0.011092392043397565,0.5807674855069018,462984
70500,0.45,0.35666666666666663,0.424796141434388,0.352032183908046,0.3178955365472834,0.38338571428571433,0.3247109730848861,15,0.95,0,0,0.31861429360377475,0.40434548667231207,0.2708178511406262,0.3266060491172023,27350,7681,0.5154839232540097,0.9580834801647738,0.01087487997446735,0.5804394988090248,464128
71000,0.47,0.3556333333333333,0.378192905845162,0.3514781609195402,0.37143445953979515,0.3826428571428572,0.32400621118012424,15,0.95,0,0,0.283485044613695,0.29416305245239455,0.24337108233696278,0.29381501533799137,27483,7714,0.5155151326117933,0.9581272006634393,0.010769803777643451,0.580148990091112,465270
71500,0.44,0.3545666666666667,0.3008307447694932,0.3514045977011494,0.388540215025009,0.3816714285714286,0.3238380952380952,15,0.95,0,0,0.38666077742641597,0.2825557596873332,0.24332440855151635,0.2607684599877286,27637,7751,0.5154665319692004,0.9581284848362872,0.01056234586402969,0.5798085963663538,465997
72000,0.44,0.35436666666666666,0.3593183494130062,0.3517632183908046,0.38548271423073566,0.3825428571428572,0.32373581780538296,15,0.95,0,0,0.43609133677373246,0.33941437448013173,0.33510466698155467,0.33052363793852063,27741,7779,0.5155097455890568,0.9581384407007788,0.01038540032084426,0.5794638894891586,467470
72500,0.47,0.3529333333333333,0.36143657745735897,0.3512735632183908,0.38744870722261315,0.3814857142857144,0.32347246376811595,15,0.95,0,0,0.5142992830919166,0.3598669771165501,0.36139045270653286,0.3427470806875458,27825,7805,0.5154263953833712,0.9581268860626229,0.010127372643282315,0.579123059261643,468694
73000,0.48,0.3521666666666667,0.26133429899941796,0.3508896551724138,0.3917685151094721,0.38085714285714284,0.3230973084886129,15,0.95,0,0,0.5831960913182962,0.1400977977092519,0.19876323407512936,0.2175106523594607,27882,7827,0.5153592263910795,0.9581172116252782,0.009793244328905796,0.5787784519509216,469839
73500,0.48,0.3517,0.21196942583030917,0.3502597701149425,0.36455299909534944,0.3810142857142857,0.3229776397515528,15,0.95,0,0,0.38080234157666343,0.12309920475482873,0.16902420103472296,0.1801291393381193,27961,7853,0.5151961048215243,0.9580507585121231,0.009427762672551816,0.5784411920626714,470936
74000,0.39,0.3504,0.1836786174571117,0.3498252873563218,0.29419524588164647,0.3797142857142857,0.3224521739130435,15,0.95,0,0,0.33627902664236486,0.11774677813245349,0.13211447919839125,0.1445077691538811,28055,7876,0.5150490258441427,0.9580023782060322,0.00898765643704967,0.5780639753788721,471672
74500,0.44,0.34936666666666666,0.1577021720802974,0.34904597701149426,0.2530443136860928,0.37885714285714284,0.3210782608695652,15,0.95,0,0,0.4900600994145279,0.12423833778128279,0.18921505290384033,0.16699489501889378,28103,7892,0.5149405479253435,0.9580062785977165,0.008339695209239061,0.5775356082177874,472335
75000,0.36,0.3481666666666667,0.14696164886595225,0.34868735632183906,0.19405746561877368,0.37747142857142857,0.32052712215320917,15,0.95,0,0,0.45629957206029953,0.09195817580909098,0.1689621528481256,0.1513525794038767,28161,7912,0.5147639891453123,0.9579934131409799,0.007726569227515455,0.5770027570562206,473233
75500,0.31,0.34686666666666677,0.20284944367503951,0.34793563218390805,0.17482997339831396,0.3765714285714286,0.31949979296066255,15,0.95,0,0,0.47711551292573423,0.1796506611649797,0.23306705025198243,0.20570926449810248,28221,7931,0.5146185735996339,0.9579660349148732,0.007112508850839639,0.5764786242341241,474190
76000,0.43,0.3450333333333333,0.16664264644278878,0.34754252873563213,0.1787882015523503,0.37458571428571424,0.3186447204968944,15,0.95,0,0,0.41334399840050456,0.20177033044108564,0.22649158604128664,0.1755257507020143,28262,7947,0.51443302459171,0.9579395063384044,0.006422260667027972,0.5759125320173394,475579
76500,0.42,0.34370000000000006,0.22712030314056117,0.3471839080459771,0.19486867887856174,0.3734142857142857,0.31818674948240167,15,0.95,0,0,0.4394782056877219,0.22343054685716213,0.24365758718931463,0.2194358905321815,28303,7961,0.5143261151631165,0.9579006769145774,0.005745449760709231,0.5753788315236812,476727
77000,0.42,0.3419,0.1578462770509351,0.3461816091954023,0.22008853370076598,0.37152857142857143,0.3172824016563147,15,0.95,0,0,0.4107057904705929,0.05746179574035495,0.11924375686512126,0.13114489126010193,28362,7979,0.5142716119955855,0.9578848269847833,0.0051051462052882,0.5748747253130305,478008
77500,0.43,0.34123333333333333,0.25920076843513995,0.34580459770114946,0.21891109835009925,0.37054285714285706,0.3168728778467909,15,0.95,0,0,0.37818695973570665,0.23552426505195742,0.22415965338297153,0.23016687072938694,28396,7992,0.5141975082692049,0.9578599046539246,0.00448837438980049,0.5743409373110159,478679
78000,0.53,0.3398,0.1805345829865491,0.3453793103448276,0.2105167812058253,0.37005714285714286,0.3165631469979296,15,0.95,0,0,0.48124439623520615,0.14836651968511325,0.17776780448214521,0.16127735322561973,28458,8009,0.5141971761023448,0.9578515566322343,0.003952693322649842,0.5738388554335087,480062
78500,0.49,0.33860000000000007,0.19352519031415932,0.3451540229885057,0.2066156135349465,0.3694285714285715,0.31659627329192547,15,0.95,0,0,0.4651770105487437,0.25577196142139097,0.2622973994720254,0.20752661954315102,28580,8035,0.5143890963718937,0.9577776109441828,0.0038379683114608625,0.5735174573325749,481393
79000,0.45,0.338,0.23924929252135607,0.34494712643678166,0.2061651067735707,0.36872857142857146,0.3163830227743271,15,0.95,0,0,0.45147813199113573,0.14779311284128602,0.1832861879645317,0.19168962637112194,28693,8060,0.5146055071146889,0.9578040335193885,0.003761301969003984,0.5730957711638748,482611
79500,0.37,0.33663333333333334,0.18097221381324174,0.3442689655172414,0.21867293270290122,0.3677571428571428,0.3161503105590062,15,0.95,0,0,0.2859345463214286,0.11850562397897235,0.1441293852860623,0.14863860625391193,28750,8070,0.5147521935550616,0.9578195199856823,0.0035684778814841066,0.5725341771096456,483080
80000,0.37,0.33413333333333334,0.17975065414776203,0.344519540229885,0.2195302151071037,0.3664428571428571,0.31638136645962733,15,0.95,0,0,0.31654123470854284,0.27997209751362284,0.19534401852778954,0.16382930646521746,28873,8098,0.5148926123509299,0.9578065440299098,0.0033939371178870665,0.5720728249415936,484244
80500,0.43,0.33313333333333334,0.2035719620823396,0.3445931034482759,0.21498834916279919,0.36655714285714286,0.3156310559006211,15,0.95,0,0,0.4191304825886414,0.19011640538422092,0.22985690008127288,0.20152563261825351,28936,8116,0.5150246049883417,0.9577969466526034,0.003215676178753111,0.5716062610463477,485403
81000,0.46,0.3325666666666667,0.2119374247810632,0.3441080459770115,0.22198298189778976,0.3664857142857143,0.3160107660455487,15,0.95,0,0,0.3518499187747059,0.12832757813601545,0.16033329427135723,0.1696827617439963,29017,8135,0.5151799519626042,0.9578602375713485,0.0029620270295536064,0.5711160579508052,486605
81500,0.39,0.3327333333333333,0.23535034239539726,0.3441609195402298,0.22956713140309115,0.36707142857142855,0.3158074534161491,15,0.95,0,0,0.42125051674220476,0.18683512678288164,0.22388694518683308,0.21195722046665377,29101,8155,0.5154349235556085,0.9578691795171419,0.002815586692448399,0.5707027554575986,487449
82000,0.53,0.33113333333333334,0.2293896459000154,0.34369655172413793,0.23947587932435954,0.36600000000000005,0.3149043478260869,15,0.95,0,0,0.4116980859503526,0.19392926232653973,0.20903692229602203,0.20859086030874757,29191,8176,0.5155539357412907,0.9578520097041185,0.0025690817949375207,0.5702438175110597,488468
82500,0.48,0.3299333333333333,0.16018167071074116,0.3430528735632184,0.23576939035379707,0.3647285714285714,0.3141842650103519,15,0.95,0,0,0.4731953019345426,0.22498825585896942,0.2503959250349764,0.1871847629498617,29326,8202,0.5158242613726743,0.9578938789490851,0.002200651335540479,0.5697246249627689,489502
83000,0.43,0.3285333333333333,0.32728041937923075,0.3425057471264368,0.22452262671171874,0.3631428571428571,0.31306004140786753,15,0.95,0,0,0.43628929861844146,0.3269480277405291,0.2726737740859166,0.2787686098025038,29408,8223,0.516048969530265,0.9579236518815888,0.0021244176247080773,0.5693591035627672,490652
83500,0.56,0.3281666666666666,0.22603605541549668,0.34242528735632183,0.23294900983113198,0.36307142857142854,0.3132625258799172,15,0.95,0,0,0.30406630034473076,0.2215324281522354,0.18637513960994284,0.18982313890899563,29490,8249,0.5158852475394448,0.9579220753233997,0.0019995427826723583,0.5689422563759253,491635
84000,0.43,0.32680000000000003,0.28718719075500637,0.34187586206896553,0.2511763574013557,0.3624428571428572,0.31288654244306424,15,0.95,0,0,0.34502203478984483,0.22232228005465998,0.21572602613037178,0.22732433463506052,29631,8290,0.5159718945084011,0.957961596410016,0.0020017871855013635,0.5686874568435786,493283
84500,0.46,0.3256,0.4090478827303488,0.34172873563218387,0.2675743859782468,0.36171428571428565,0.3131287784679089,15,0.95,0,0,0.42801974539286775,0.6843842452854433,0.438465882666018,0.40198849257155717,29683,8306,0.5159035889000325,0.957958100276183,0.0017620795300108357,0.5682922162034437,494381
85000,0.47,0.3252666666666667,0.1669737526558753,0.34153103448275857,0.3076962741266094,0.36150000000000004,0.3129552795031056,15,0.95,0,0,0.46313424382118806,0.23465389854972202,0.24800741099207924,0.18468570805751652,29741,8320,0.5158258329998583,0.9579243860312989,0.0016229048602908029,0.5679558411738018,495397
85500,0.52,0.3239666666666666,0.1862594582669718,0.34142298850574715,0.2987122821076966,0.36022857142857145,0.31304099378881983,15,0.95,0,0,0.35054435071659756,0.1303422264709356,0.14329624686405396,0.15631628200003467,29828,8338,0.5156998497251254,0.9578771318626575,0.0014632927605894987,0.5675503900806073,496609
86000,0.58,0.3229,0.18859810483185566,0.3405862068965518,0.23417408614029,0.35947142857142855,0.31230351966873704,15,0.95,0,0,0.3013011474621959,0.2097165678499399,0.18511558814456983,0.17470498843702514,29928,8364,0.5157184743939344,0.9578878140355791,0.0013473415969626444,0.5671498991207459,497618
86500,0.55,0.32209999999999994,0.2300691948831752,0.34117471264367816,0.20619904731369354,0.35969999999999996,0.3131084886128364,15,0.95,0,0,0.26621240998074297,0.10798841800804822,0.10055035612126899,0.1403851256339524,30039,8390,0.5158062268339237,0.9579195979056281,0.001347951752779727,0.5668394591393755,498783
87000,0.56,0.3205,0.16725695869501933,0.3404206896551724,0.20974696969587536,0.35788571428571425,0.31257060041407864,15,0.95,0,0,0.3171676051847488,0.1595062134772634,0.16646626756394284,0.155217423593015,30138,8413,0.5159748161941243,0.9579071684267921,0.0013477903844925003,0.5665570090913515,499934
87500,0.57,0.3198333333333333,0.22717843043419453,0.339832183908046,0.218279623823751,0.3580142857142857,0.31226128364389233,15,0.95,0,0,0.21744023892403272,0.2572412670751513,0.16975552903443863,0.1815112961990887,30243,8444,0.5160414437478307,0.9579489694765525,0.0015727076305633919,0.5663687112257186,500599
88000,0.69,0.3198666666666667,0.2715667251144194,0.3405609195402299,0.23955136969661095,0.3586714285714286,0.31270848861283645,15,0.95,0,0,0.34404122328183206,0.2586519380183556,0.17486106268963564,0.2003598091645943,30332,8469,0.5161317463620975,0.9579145320995103,0.0018175599359995754,0.5662630871009233,502202
88500,0.55,0.31920000000000004,0.31688283059492395,0.3403494252873563,0.2697779800541068,0.35801428571428573,0.3118695652173913,15,0.95,0,0,0.3822304170746327,0.32249516166622605,0.29991069577068863,0.2883321021471203,30474,8506,0.5162004567027294,0.9579079651691992,0.0019931510806911615,0.5660490138239953,503363
89000,0.58,0.3188666666666667,0.31062950987807897,0.3401655172413793,0.31445614647735776,0.35831428571428575,0.3118434782608696,15,0.95,0,0,0.33933283009101173,0.30930202777275695,0.2454019006444645,0.2526759170017525,30657,8548,0.5166255693853029,0.9580304651333745,0.0023401985909655503,0.5660381810444668,504506
89500,0.59,0.31739999999999996,0.26080495369813617,0.33973333333333333,0.33158637052711804,0.3577285714285715,0.31159130434782606,15,0.95,0,0,0.25347213920961165,0.2142119104104974,0.14459847264662523,0.1783218600331881,30811,8587,0.5169919286926383,0.9580719833398734,0.0026963059569712062,0.5660103493400515,506248
90000,0.55,0.31729999999999997,0.3515270281971525,0.34098160919540227,0.34101477803172353,0.35815714285714284,0.3123300207039338,15,0.95,0,0,0.492515730177182,0.45729115140769044,0.40615191253752847,0.3525094756256549,30938,8622,0.5171246971803086,0.9580654245030076,0.0028234199394422134,0.5658680357246696,508070
90500,0.5,0.3184666666666667,0.39371649964630645,0.34170574712643675,0.3508241705839811,0.3598428571428572,0.31272836438923396,15,0.95,0,0,0.5096625514653318,0.5051844939707848,0.44737721782812034,0.4018100413716015,31006,8639,0.5172094781505917,0.9580386835275726,0.0027274635431491496,0.5656139125197952,509405
91000,0.55,0.31893333333333335,0.35027814839384386,0.34199080459770115,0.3756705270631361,0.3612142857142857,0.3129221532091097,15,0.95,0,0,0.44792370661610886,0.44302904752922306,0.39012708732389106,0.34872068405106743,31112,8666,0.5172885762769182,0.9579640619423045,0.0025881364299122204,0.5653518043902125,510922
91500,0.52,0.3174333333333333,0.27483748203174674,0.3411287356321839,0.370101689044545,0.36032857142857144,0.3121991718426501,15,0.95,0,0,0.33471232662975575,0.23835966308368253,0.18865633297326292,0.2086718560262191,31243,8701,0.5174127171337032,0.957908682069713,0.0024687475843466282,0.5651525120116049,512242
92000,0.54,0.3163666666666666,0.2214607472785826,0.34073793103448274,0.33307588088276097,0.35995714285714286,0.3117983436853002,15,0.95,0,0,0.3237346049145639,0.1585864982810254,0.1514669681399315,0.1699710545664215,31367,8733,0.5174764238457572,0.9578938980284556,0.00238065446659337,0.5649264826117102,513701
92500,0.54,0.31460000000000005,0.1876792918709529,0.33962758620689654,0.3047557821557716,0.3584428571428571,0.3107490683229814,15,0.95,0,0,0.2187630579766583,0.13807412624723003,0.12174409159217206,0.14319275005512758,31541,8769,0.5177512601257676,0.9578991783433908,0.002388456054159433,0.5647777340212159,515529
93000,0.53,0.3138333333333333,0.2858424237339016,0.339703448275862,0.273461792647663,0.3578285714285714,0.31008033126294,15,0.95,0,0,0.3799676304151643,0.21894052626108726,0.20241204197038773,0.22695701261468126,31748,8815,0.5180282162633998,0.957922294222593,0.0024783147027265897,0.564725089393157,517282
93500,0.66,0.3127666666666666,0.20024750533563251,0.3390229885057472,0.2690218001680674,0.3567857142857143,0.3095457556935818,15,0.95,0,0,0.3776880073682388,0.17469104777536743,0.16861676968376957,0.16824997369084974,31876,8843,0.5181451805072284,0.9579208658206237,0.0023622103103213507,0.5645147517301211,518929
94000,0.62,0.31110000000000004,0.20989088090160785,0.3387793103448276,0.24552888122628025,0.35554285714285716,0.30912712215320914,15,0.95,0,0,0.2853848728201537,0.16280459368048483,0.16176813602484524,0.17057325660112183,31990,8875,0.5181436825908255,0.9578928687052399,0.0023819804937959075,0.5644029854967214,520275
94500,0.49,0.31076666666666675,0.2462026910303103,0.3386045977011494,0.23260561042160088,0.3557142857142857,0.3091271221532091,15,0.95,0,0,0.2555990639364242,0.17320240208762455,0.13758230195904933,0.1722293376990012,32168,8916,0.5185477789427038,0.9579409537889343,0.0023775275675261003,0.5643071103424476,521661
95000,0.55,0.3109,0.23633143505007323,0.3386873563218391,0.23044476678873327,0.356,0.30944099378881984,15,0.95,0,0,0.4136017129842861,0.2728191464475374,0.28316135747603965,0.24334143057078833,32344,8956,0.5186054309566586,0.9579271352948907,0.00238180895200095,0.564186578246117,522874
95500,0.53,0.31113333333333326,0.31458915972604695,0.3391632183908046,0.23455545534249023,0.3562142857142857,0.30992505175983437,15,0.95,0,0,0.3453631189770779,0.5210920259689977,0.3335313291318923,0.2998347362860964,32489,8991,0.5186988964657436,0.9578834687604666,0.002363826393449322,0.5640359890500183,524698
96000,0.59,0.3103,0.2761986821398414,0.3385448275862069,0.26938855865259625,0.3557714285714286,0.30877349896480333,15,0.95,0,0,0.36697830601266884,0.14290287927084197,0.15987202016067795,0.19833509999693844,32634,9024,0.5189210570456043,0.9578213831043055,0.0024501074388383,0.5639792450072703,526366
96500,0.53,0.3101,0.345765897123337,0.3390229885057472,0.28423479248019023,0.3556428571428572,0.3089229813664597,15,0.95,0,0,0.3281647345322283,0.09575033230521186,0.1401648788403753,0.20695272904825296,32805,9063,0.5191754328288429,0.9578005551601952,0.0024954563139364585,0.5638709488869107,527916
97000,0.59,0.3101999999999999,0.3020093813413084,0.33905747126436786,0.30174838846250107,0.3561714285714285,0.30860207039337473,15,0.95,0,0,0.4211542344473364,0.22358017955543782,0.257917473416768,0.26474453161031647,32992,9104,0.5196240159009592,0.9578242041018444,0.0025282824036458235,0.5638272586208048,530090
97500,0.58,0.3095666666666667,0.37989492705318567,0.3390459770114943,0.3245808536734718,0.3559999999999999,0.30825010351966875,15,0.95,0,0,0.439329374115491,0.34864305440382887,0.29374556918370526,0.3124098792409663,33135,9139,0.519732401552841,0.957779499270506,0.0024255119264758643,0.5636209618949959,532031
98000,0.67,0.3080333333333334,0.24687226858986933,0.3386781609195402,0.33898344765553023,0.3548,0.3077432712215321,15,0.95,0,0,0.38309950115427843,0.11774136181724464,0.17847375500933704,0.1931980310726009,33259,9167,0.519826551248293,0.9576969534663043,0.00225506112569904,0.5633831057158266,533836
98500,0.55,0.3073666666666667,0.4877628612521085,0.33844827586206894,0.3184374984535622,0.35437142857142856,0.3072761904761905,15,0.95,0,0,0.4910929506760301,0.47134713062245254,0.40394060133210746,0.41866897928479035,33401,9198,0.5201457009751866,0.9577364112682787,0.0022545720148643557,0.5633184306249193,535376
99000,0.68,0.3070666666666667,0.38685891678405754,0.3392367816091954,0.3212811026564997,0.35452857142857136,0.3074215320910973,15,0.95,0,0,0.3640274373219729,0.3932270010960518,0.2810423257430712,0.30831715223116873,33577,9236,0.5202785848664326,0.957639890627294,0.002211818099420554,0.5632244314876674,537136
99500,0.55,0.3072333333333333,0.3822560441941424,0.3392344827586207,0.35973484822889534,0.35522857142857145,0.30668240165631466,15,0.95,0,0,0.5443261109421106,0.4501800920990711,0.43299893168971715,0.3919066450917564,33716,9268,0.5201831714623668,0.9575326387842901,0.00201540393877937,0.5630501985746776,538672
100000,0.64,0.30676666666666663,0.3844286210357437,0.3392804597701149,0.3853604813736541,0.3562714285714285,0.3056178053830228,15,0.95,0,0,0.429258132651035,0.3333845865447224,0.313287767001741,0.33584655267627866,33872,9310,0.520052372688594,0.9574267672937479,0.0019640942777495833,0.5630108741197363,540118
