target,label_pct,winner,loser,k_datasets,mean_gap,cohens_d,win_rate,breakdown_point,fail_magnitude,fail_consistency,fail_stability,fragile
global_acc,5,config_0,config_1,9,0.0018540740740740696,0.10343719056864534,0.4444444444444444,0.1111111111111111,True,True,True,True
global_acc,5,config_10,config_0,9,0.004974814814814839,0.18388260979120638,0.5555555555555556,0.2222222222222222,True,True,False,True
global_acc,5,config_11,config_0,9,0.0006177777777777788,0.03533873284727394,0.4444444444444444,0.1111111111111111,True,True,True,True
global_acc,5,config_12,config_0,9,0.005649629629629647,0.26315230263468486,0.4444444444444444,0.2222222222222222,False,True,False,True
global_acc,5,config_0,config_13,9,0.012610370370370334,0.49226367161271295,0.6666666666666666,0.3333333333333333,False,False,False,False
global_acc,5,config_2,config_0,9,0.00017629629629631636,0.008655388873870275,0.5555555555555556,0.1111111111111111,True,True,True,True
global_acc,5,config_3,config_0,9,0.00024074074074076357,0.014786086843819981,0.5555555555555556,0.1111111111111111,True,True,True,True
global_acc,5,config_4,config_0,9,0.0049029629629629735,0.27055668672091004,0.4444444444444444,0.2222222222222222,False,True,False,True
global_acc,5,config_0,config_5,9,0.015522962962962948,0.5403880058538598,0.6666666666666666,0.4444444444444444,False,False,False,False
global_acc,5,config_0,config_6,9,0.015848888888888874,0.773265872942951,0.8888888888888888,0.5555555555555556,False,False,False,False
global_acc,5,config_0,config_7,9,0.014529629629629622,0.5041386732402964,0.7777777777777778,0.4444444444444444,False,False,False,False
global_acc,5,config_0,config_8,9,0.013614074074074063,0.6900770048879179,0.7777777777777778,0.4444444444444444,False,False,False,False
global_acc,5,config_9,config_0,9,0.0023651851851851863,0.11169156805500724,0.6666666666666666,0.1111111111111111,True,False,True,True
global_acc,5,config_0,config_base,9,0.010645185185185178,0.467793688465793,0.4444444444444444,0.2222222222222222,False,True,False,True
global_acc,5,config_10,config_1,9,0.006828888888888909,0.5180851092194739,0.5555555555555556,0.3333333333333333,False,True,False,True
global_acc,5,config_11,config_1,9,0.0024718518518518483,0.26972213121187083,0.5555555555555556,0.2222222222222222,False,True,False,True
global_acc,5,config_12,config_1,9,0.007503703703703716,0.5009367379692703,0.6666666666666666,0.3333333333333333,False,False,False,False
global_acc,5,config_1,config_13,9,0.010756296296296264,0.8076157600833028,0.7777777777777778,0.5555555555555556,False,False,False,False
global_acc,5,config_2,config_1,9,0.002030370370370386,0.30560646703492106,0.4444444444444444,0.2222222222222222,False,True,False,True
global_acc,5,config_3,config_1,9,0.002094814814814833,0.7078855768174852,0.6666666666666666,0.5555555555555556,False,False,False,False
global_acc,5,config_4,config_1,9,0.006757037037037043,0.9649890710011991,0.6666666666666666,0.6666666666666666,False,False,False,False
global_acc,5,config_1,config_5,9,0.013668888888888878,0.9046288621024504,0.8888888888888888,0.6666666666666666,False,False,False,False
global_acc,5,config_1,config_6,9,0.013994814814814805,3.049695254178258,1.0,1.0,False,False,False,False
global_acc,5,config_1,config_7,9,0.012675555555555551,0.8434030634575101,0.8888888888888888,0.6666666666666666,False,False,False,False
global_acc,5,config_1,config_8,9,0.011759999999999993,1.3791632987668547,0.8888888888888888,0.8888888888888888,False,False,False,False
global_acc,5,config_9,config_1,9,0.004219259259259256,0.49166035092524973,0.6666666666666666,0.3333333333333333,False,False,False,False
global_acc,5,config_1,config_base,9,0.008791111111111107,0.8069469001554874,0.8888888888888888,0.5555555555555556,False,False,False,False
global_acc,5,config_10,config_11,9,0.00435703703703706,0.3385076014577493,0.7777777777777778,0.3333333333333333,False,False,False,False
global_acc,5,config_12,config_10,9,0.0006748148148148071,0.046362098790080054,0.5555555555555556,0.1111111111111111,True,True,True,True
global_acc,5,config_10,config_13,9,0.017585185185185172,1.520322989263488,0.8888888888888888,0.8888888888888888,False,False,False,False
global_acc,5,config_10,config_2,9,0.004798518518518523,0.5661943997748209,0.5555555555555556,0.3333333333333333,False,True,False,True
global_acc,5,config_10,config_3,9,0.0047340740740740754,0.33934435382552014,0.6666666666666666,0.2222222222222222,False,False,False,False
global_acc,5,config_10,config_4,9,7.185185185186615e-05,0.005725905862480361,0.5555555555555556,0.1111111111111111,True,True,True,True
global_acc,5,config_10,config_5,9,0.02049777777777779,1.374229595031836,0.8888888888888888,0.7777777777777778,False,False,False,False
global_acc,5,config_10,config_6,9,0.020823703703703716,1.538857334819336,1.0,1.0,False,False,False,False
global_acc,5,config_10,config_7,9,0.01950444444444446,1.4664561514163417,0.8888888888888888,0.7777777777777778,False,False,False,False
global_acc,5,config_10,config_8,9,0.0185888888888889,1.666550339703986,1.0,1.0,False,False,False,False
global_acc,5,config_10,config_9,9,0.002609629629629653,0.37133944220443355,0.4444444444444444,0.3333333333333333,False,True,False,True
global_acc,5,config_10,config_base,9,0.015620000000000016,1.0160917003431422,0.7777777777777778,0.7777777777777778,False,False,False,False
global_acc,5,config_12,config_11,9,0.005031851851851867,0.7380309151492338,0.7777777777777778,0.5555555555555556,False,False,False,False
global_acc,5,config_11,config_13,9,0.013228148148148112,0.7225234886136522,0.6666666666666666,0.5555555555555556,False,False,False,False
global_acc,5,config_11,config_2,9,0.00044148148148146247,0.05963742393828003,0.4444444444444444,0.1111111111111111,True,True,True,True
global_acc,5,config_11,config_3,9,0.00037703703703701526,0.054128885135095874,0.4444444444444444,0.1111111111111111,True,True,True,True
global_acc,5,config_4,config_11,9,0.004285185185185194,1.1303183743149092,0.8888888888888888,0.8888888888888888,False,False,False,False
global_acc,5,config_11,config_5,9,0.016140740740740726,0.743397901688009,0.6666666666666666,0.5555555555555556,False,False,False,False
global_acc,5,config_11,config_6,9,0.016466666666666654,1.4609037602348818,0.8888888888888888,0.8888888888888888,False,False,False,False
global_acc,5,config_11,config_7,9,0.0151474074074074,0.729093178680975,0.6666666666666666,0.5555555555555556,False,False,False,False
global_acc,5,config_11,config_8,9,0.014231851851851841,1.3595270240656494,0.8888888888888888,0.7777777777777778,False,False,False,False
global_acc,5,config_9,config_11,9,0.0017474074074074074,0.16885722897915367,0.5555555555555556,0.1111111111111111,True,True,True,True
global_acc,5,config_11,config_base,9,0.011262962962962956,0.6166513885390551,0.6666666666666666,0.4444444444444444,False,False,False,False
global_acc,5,config_12,config_13,9,0.01825999999999998,0.8151230956901663,0.6666666666666666,0.5555555555555556,False,False,False,False
global_acc,5,config_12,config_2,9,0.00547333333333333,0.45658451690134383,0.6666666666666666,0.3333333333333333,False,False,False,False
global_acc,5,config_12,config_3,9,0.005408888888888883,0.4152575589051153,0.6666666666666666,0.3333333333333333,False,False,False,False
global_acc,5,config_12,config_4,9,0.0007466666666666733,0.08378614564153361,0.5555555555555556,0.1111111111111111,True,True,True,True
global_acc,5,config_12,config_5,9,0.021172592592592594,0.8071907044418072,0.6666666666666666,0.5555555555555556,False,False,False,False
global_acc,5,config_12,config_6,9,0.02149851851851852,1.3350327080275677,0.8888888888888888,0.7777777777777778,False,False,False,False
global_acc,5,config_12,config_7,9,0.02017925925925927,0.8037521512413125,0.6666666666666666,0.5555555555555556,False,False,False,False
global_acc,5,config_12,config_8,9,0.01926370370370371,1.2724651094096966,0.8888888888888888,0.7777777777777778,False,False,False,False
global_acc,5,config_12,config_9,9,0.00328444444444446,0.23021037755857657,0.6666666666666666,0.2222222222222222,False,False,False,False
global_acc,5,config_12,config_base,9,0.016294814814814824,0.6912658351618535,0.6666666666666666,0.5555555555555556,False,False,False,False
global_acc,5,config_2,config_13,9,0.01278666666666665,1.1037172307450613,0.8888888888888888,0.6666666666666666,False,False,False,False
global_acc,5,config_3,config_13,9,0.012851111111111098,0.8343392667045091,0.6666666666666666,0.5555555555555556,False,False,False,False
global_acc,5,config_4,config_13,9,0.017513333333333308,1.0380386514434454,0.7777777777777778,0.6666666666666666,False,False,False,False
global_acc,5,config_13,config_5,9,0.0029125925925926146,0.45098861476778507,0.5555555555555556,0.3333333333333333,False,True,False,True
global_acc,5,config_13,config_6,9,0.0032385185185185416,0.24651505789898628,0.5555555555555556,0.2222222222222222,False,True,False,True
global_acc,5,config_13,config_7,9,0.0019192592592592872,0.38035518016910647,0.5555555555555556,0.2222222222222222,False,True,False,True
global_acc,5,config_13,config_8,9,0.0010037037037037289,0.07777007033127631,0.4444444444444444,0.1111111111111111,True,True,True,True
global_acc,5,config_9,config_13,9,0.01497555555555552,1.5372520544536363,1.0,1.0,False,False,False,False
global_acc,5,config_base,config_13,9,0.001965185185185156,0.25037996962742365,0.7777777777777778,0.2222222222222222,False,False,False,False
global_acc,5,config_3,config_2,9,6.444444444444721e-05,0.009375724790341353,0.5555555555555556,0.1111111111111111,True,True,True,True
global_acc,5,config_4,config_2,9,0.004726666666666657,0.7869772412840816,0.7777777777777778,0.5555555555555556,False,False,False,False
global_acc,5,config_2,config_5,9,0.015699259259259263,1.0261554225874374,0.8888888888888888,0.6666666666666666,False,False,False,False
global_acc,5,config_2,config_6,9,0.01602518518518519,2.0803112567742743,1.0,1.0,False,False,False,False
global_acc,5,config_2,config_7,9,0.014705925925925937,1.0478985800021348,0.8888888888888888,0.6666666666666666,False,False,False,False
global_acc,5,config_2,config_8,9,0.013790370370370378,1.6560540559143504,0.8888888888888888,0.8888888888888888,False,False,False,False
global_acc,5,config_9,config_2,9,0.00218888888888887,0.33620197603069574,0.5555555555555556,0.2222222222222222,False,True,False,True
global_acc,5,config_2,config_base,9,0.010821481481481494,0.8446747938340583,0.7777777777777778,0.5555555555555556,False,False,False,False
global_acc,5,config_4,config_3,9,0.00466222222222221,0.9505391951494291,0.6666666666666666,0.6666666666666666,False,False,False,False
global_acc,5,config_3,config_5,9,0.01576370370370371,0.8934479728831739,0.7777777777777778,0.6666666666666666,False,False,False,False
global_acc,5,config_3,config_6,9,0.016089629629629638,2.54254388169232,1.0,1.0,False,False,False,False
global_acc,5,config_3,config_7,9,0.014770370370370385,0.8500574856066667,0.8888888888888888,0.6666666666666666,False,False,False,False
global_acc,5,config_3,config_8,9,0.013854814814814827,1.5381166261551948,0.8888888888888888,0.8888888888888888,False,False,False,False
global_acc,5,config_9,config_3,9,0.0021244444444444227,0.22353079356759592,0.5555555555555556,0.2222222222222222,False,True,False,True
global_acc,5,config_3,config_base,9,0.010885925925925941,0.8256811288874963,0.6666666666666666,0.5555555555555556,False,False,False,False
global_acc,5,config_4,config_5,9,0.02042592592592592,1.0279698885081838,0.7777777777777778,0.6666666666666666,False,False,False,False
global_acc,5,config_4,config_6,9,0.020751851851851848,2.398189612816416,1.0,1.0,False,False,False,False
global_acc,5,config_4,config_7,9,0.019432592592592595,1.0218109767044334,0.8888888888888888,0.6666666666666666,False,False,False,False
global_acc,5,config_4,config_8,9,0.018517037037037037,1.7960112782019793,0.8888888888888888,0.8888888888888888,False,False,False,False
global_acc,5,config_4,config_9,9,0.002537777777777787,0.2512281328159915,0.6666666666666666,0.2222222222222222,False,False,False,False
global_acc,5,config_4,config_base,9,0.015548148148148151,0.9510699247312635,0.6666666666666666,0.6666666666666666,False,False,False,False
global_acc,5,config_5,config_6,9,0.00032592592592592704,0.023152472602506805,0.4444444444444444,0.1111111111111111,True,True,True,True
global_acc,5,config_7,config_5,9,0.0009933333333333276,0.30250549086904904,0.5555555555555556,0.2222222222222222,False,True,False,True
global_acc,5,config_8,config_5,9,0.001908888888888886,0.12831075133218073,0.5555555555555556,0.1111111111111111,True,True,True,True
global_acc,5,config_9,config_5,9,0.017888148148148136,1.3728197226074794,1.0,1.0,False,False,False,False
global_acc,5,config_base,config_5,9,0.004877777777777771,0.6574108427314685,0.7777777777777778,0.6666666666666666,False,False,False,False
global_acc,5,config_7,config_6,9,0.0013192592592592546,0.09289629010755358,0.5555555555555556,0.1111111111111111,True,True,True,True
global_acc,5,config_8,config_6,9,0.0022348148148148127,0.23860561359252144,0.5555555555555556,0.1111111111111111,False,True,True,True
global_acc,5,config_9,config_6,9,0.018214074074074063,1.8289424795416434,1.0,1.0,False,False,False,False
global_acc,5,config_base,config_6,9,0.005203703703703698,0.47040586902667186,0.6666666666666666,0.3333333333333333,False,False,False,False
global_acc,5,config_8,config_7,9,0.0009155555555555583,0.06114781795755618,0.5555555555555556,0.1111111111111111,True,True,True,True
global_acc,5,config_9,config_7,9,0.016894814814814807,1.3709701780458872,0.8888888888888888,0.8888888888888888,False,False,False,False
global_acc,5,config_base,config_7,9,0.0038844444444444434,0.44328482552311593,0.7777777777777778,0.4444444444444444,False,False,False,False
global_acc,5,config_9,config_8,9,0.01597925925925925,2.338745572772977,1.0,1.0,False,False,False,False
global_acc,5,config_base,config_8,9,0.002968888888888885,0.26580066792067364,0.5555555555555556,0.1111111111111111,False,True,True,True
global_acc,5,config_9,config_base,9,0.013010370370370363,1.15267741690404,0.8888888888888888,0.7777777777777778,False,False,False,False
global_acc,1,config_0,config_1,9,0.002179259259259239,0.0677625363913722,0.4444444444444444,0.1111111111111111,True,True,True,True
global_acc,1,config_0,config_10,9,0.006156296296296259,0.18664028720814832,0.4444444444444444,0.1111111111111111,True,True,True,True
global_acc,1,config_11,config_0,9,0.0020814814814815114,0.11311081102521392,0.5555555555555556,0.1111111111111111,True,True,True,True
global_acc,1,config_12,config_0,9,0.0055748148148148345,0.2835477814585244,0.5555555555555556,0.2222222222222222,False,True,False,True
global_acc,1,config_0,config_13,9,0.0305983333333333,0.6147415787884654,0.7777777777777778,0.4444444444444444,False,False,False,False
global_acc,1,config_0,config_2,9,0.00810296296296293,0.26878267588336324,0.5555555555555556,0.2222222222222222,False,True,False,True
global_acc,1,config_3,config_0,9,0.0015851851851851955,0.05683629493259522,0.6666666666666666,0.1111111111111111,True,False,True,True
global_acc,1,config_4,config_0,9,0.005792592592592609,0.22734858763667673,0.6666666666666666,0.2222222222222222,False,False,False,False
global_acc,1,config_0,config_5,9,0.03270222222222221,0.6086654448278904,0.6666666666666666,0.4444444444444444,False,False,False,False
global_acc,1,config_0,config_6,9,0.018044444444444432,0.5105755853046563,0.6666666666666666,0.3333333333333333,False,False,False,False
global_acc,1,config_0,config_7,9,0.03111185185185185,0.5726252355827938,0.6666666666666666,0.3333333333333333,False,False,False,False
global_acc,1,config_0,config_8,9,0.017634814814814784,0.7220548784422578,0.7777777777777778,0.5555555555555556,False,False,False,False
global_acc,1,config_0,config_9,9,0.010314074074074068,0.2647356861486234,0.5555555555555556,0.2222222222222222,False,True,False,True
global_acc,1,config_0,config_base,9,0.0182911111111111,0.4341093195946613,0.5555555555555556,0.3333333333333333,False,True,False,True
global_acc,1,config_1,config_10,9,0.003977037037037019,0.2886733126270837,0.6666666666666666,0.2222222222222222,False,False,False,False
global_acc,1,config_11,config_1,9,0.00426074074074075,0.2159477239264827,0.5555555555555556,0.2222222222222222,False,True,False,True
global_acc,1,config_12,config_1,9,0.007754074074074074,0.3554980500861115,0.5555555555555556,0.2222222222222222,False,True,False,True
global_acc,1,config_1,config_13,9,0.028419074074074062,1.2556663471354264,1.0,1.0,False,False,False,False
global_acc,1,config_1,config_2,9,0.005923703703703691,0.9582503292398471,0.7777777777777778,0.6666666666666666,False,False,False,False
global_acc,1,config_3,config_1,9,0.0037644444444444344,0.720514060136744,0.8888888888888888,0.6666666666666666,False,False,False,False
global_acc,1,config_4,config_1,9,0.007971851851851848,0.934356963251966,0.8888888888888888,0.8888888888888888,False,False,False,False
global_acc,1,config_1,config_5,9,0.030522962962962967,1.1665802158656016,1.0,1.0,False,False,False,False
global_acc,1,config_1,config_6,9,0.01586518518518519,3.1552538120389464,1.0,1.0,False,False,False,False
global_acc,1,config_1,config_7,9,0.028932592592592607,1.0361083162978542,1.0,1.0,False,False,False,False
global_acc,1,config_1,config_8,9,0.015455555555555544,0.7954122069930907,0.7777777777777778,0.6666666666666666,False,False,False,False
global_acc,1,config_1,config_9,9,0.008134814814814829,0.4456601854820256,0.5555555555555556,0.2222222222222222,False,True,False,True
global_acc,1,config_1,config_base,9,0.01611185185185186,1.343296542385688,1.0,1.0,False,False,False,False
global_acc,1,config_11,config_10,9,0.00823777777777777,0.31229017989559105,0.5555555555555556,0.2222222222222222,False,True,False,True
global_acc,1,config_12,config_10,9,0.011731111111111093,0.4029486140118099,0.6666666666666666,0.2222222222222222,False,False,False,False
global_acc,1,config_10,config_13,9,0.024442037037037043,1.3612184542980108,1.0,1.0,False,False,False,False
global_acc,1,config_10,config_2,9,0.0019466666666666705,0.11773070925971546,0.7777777777777778,0.1111111111111111,True,False,True,True
global_acc,1,config_3,config_10,9,0.007741481481481454,0.5402312040213717,0.7777777777777778,0.3333333333333333,False,False,False,False
global_acc,1,config_4,config_10,9,0.011948888888888867,0.6698566346957017,0.7777777777777778,0.5555555555555556,False,False,False,False
global_acc,1,config_10,config_5,9,0.02654592592592595,1.2157873954855596,1.0,1.0,False,False,False,False
global_acc,1,config_10,config_6,9,0.011888148148148172,0.739739816102778,0.8888888888888888,0.5555555555555556,False,False,False,False
global_acc,1,config_10,config_7,9,0.02495555555555559,1.1458746700753883,1.0,1.0,False,False,False,False
global_acc,1,config_10,config_8,9,0.011478518518518523,0.48953847880378,0.6666666666666666,0.3333333333333333,False,False,False,False
global_acc,1,config_10,config_9,9,0.00415777777777781,0.6117121791987901,0.5555555555555556,0.4444444444444444,False,True,False,True
global_acc,1,config_10,config_base,9,0.01213481481481484,0.770695725254722,0.8888888888888888,0.5555555555555556,False,False,False,False
global_acc,1,config_12,config_11,9,0.0034933333333333236,0.9670814685513511,0.7777777777777778,0.6666666666666666,False,False,False,False
global_acc,1,config_11,config_13,9,0.032679814814814814,0.7977293103160729,0.7777777777777778,0.5555555555555556,False,False,False,False
global_acc,1,config_11,config_2,9,0.01018444444444444,0.6138598345177262,0.7777777777777778,0.4444444444444444,False,False,False,False
global_acc,1,config_11,config_3,9,0.0004962962962963156,0.031026179650981596,0.4444444444444444,0.1111111111111111,True,True,True,True
global_acc,1,config_4,config_11,9,0.0037111111111110973,0.31073692688738963,0.5555555555555556,0.2222222222222222,False,True,False,True
global_acc,1,config_11,config_5,9,0.03478370370370372,0.7909321757210589,0.7777777777777778,0.5555555555555556,False,False,False,False
global_acc,1,config_11,config_6,9,0.020125925925925943,0.9191294209588577,0.8888888888888888,0.8888888888888888,False,False,False,False
global_acc,1,config_11,config_7,9,0.03319333333333336,0.7252705064444466,0.6666666666666666,0.5555555555555556,False,False,False,False
global_acc,1,config_11,config_8,9,0.019716296296296294,1.2025160091775624,0.8888888888888888,0.7777777777777778,False,False,False,False
global_acc,1,config_11,config_9,9,0.01239555555555558,0.37765469578566824,0.6666666666666666,0.2222222222222222,False,False,False,False
global_acc,1,config_11,config_base,9,0.02037259259259261,0.6734956089681772,0.7777777777777778,0.4444444444444444,False,False,False,False
global_acc,1,config_12,config_13,9,0.036173148148148135,0.8353530272009241,0.7777777777777778,0.6666666666666666,False,False,False,False
global_acc,1,config_12,config_2,9,0.013677777777777764,0.7553144644863927,0.7777777777777778,0.5555555555555556,False,False,False,False
global_acc,1,config_12,config_3,9,0.003989629629629639,0.21944195845546755,0.6666666666666666,0.2222222222222222,False,False,False,False
global_acc,1,config_4,config_12,9,0.00021777777777777353,0.015819132526507417,0.6666666666666666,0.1111111111111111,True,False,True,True
global_acc,1,config_12,config_5,9,0.03827703703703704,0.8296700800240265,0.7777777777777778,0.6666666666666666,False,False,False,False
global_acc,1,config_12,config_6,9,0.023619259259259267,0.9960353174036068,0.8888888888888888,0.8888888888888888,False,False,False,False
global_acc,1,config_12,config_7,9,0.03668666666666668,0.7645648513866142,0.6666666666666666,0.5555555555555556,False,False,False,False
global_acc,1,config_12,config_8,9,0.023209629629629618,1.3002527631171694,0.8888888888888888,0.7777777777777778,False,False,False,False
global_acc,1,config_12,config_9,9,0.015888888888888904,0.44693325155058683,0.6666666666666666,0.3333333333333333,False,False,False,False
global_acc,1,config_12,config_base,9,0.023865925925925933,0.7459528192197945,0.7777777777777778,0.5555555555555556,False,False,False,False
global_acc,1,config_2,config_13,9,0.022495370370370374,0.8412706232607795,0.8888888888888888,0.7777777777777778,False,False,False,False
global_acc,1,config_3,config_13,9,0.0321835185185185,1.2186223207404665,1.0,1.0,False,False,False,False
global_acc,1,config_4,config_13,9,0.03639092592592591,1.1956703890351168,1.0,1.0,False,False,False,False
global_acc,1,config_13,config_5,9,0.002103888888888905,0.33605721297503405,0.4444444444444444,0.2222222222222222,False,True,False,True
global_acc,1,config_6,config_13,9,0.012553888888888871,0.5607376888197747,0.7777777777777778,0.4444444444444444,False,False,False,False
global_acc,1,config_13,config_7,9,0.0005135185185185458,0.06601718876964074,0.4444444444444444,0.1111111111111111,True,True,True,True
global_acc,1,config_8,config_13,9,0.01296351851851852,0.34915889688078877,0.6666666666666666,0.3333333333333333,False,False,False,False
global_acc,1,config_9,config_13,9,0.020284259259259235,1.498392743921805,1.0,1.0,False,False,False,False
global_acc,1,config_base,config_13,9,0.012307222222222204,0.8225941229318925,0.8888888888888888,0.7777777777777778,False,False,False,False
global_acc,1,config_3,config_2,9,0.009688148148148125,2.1061723718264664,1.0,1.0,False,False,False,False
global_acc,1,config_4,config_2,9,0.013895555555555538,2.456363481150573,1.0,1.0,False,False,False,False
global_acc,1,config_2,config_5,9,0.02459925925925928,0.8214998476479327,0.8888888888888888,0.7777777777777778,False,False,False,False
global_acc,1,config_2,config_6,9,0.009941481481481503,1.0414578307306068,0.8888888888888888,0.8888888888888888,False,False,False,False
global_acc,1,config_2,config_7,9,0.02300888888888892,0.7292079138059543,0.7777777777777778,0.5555555555555556,False,False,False,False
global_acc,1,config_2,config_8,9,0.009531851851851854,0.4847675650496356,0.5555555555555556,0.3333333333333333,False,True,False,True
global_acc,1,config_2,config_9,9,0.002211111111111139,0.10122439063951066,0.3333333333333333,0.1111111111111111,True,True,True,True
global_acc,1,config_2,config_base,9,0.010188148148148168,0.715939785243295,0.6666666666666666,0.5555555555555556,False,False,False,False
global_acc,1,config_4,config_3,9,0.004207407407407413,0.8857393507696215,0.7777777777777778,0.5555555555555556,False,False,False,False
global_acc,1,config_3,config_5,9,0.034287407407407405,1.136613473186403,1.0,1.0,False,False,False,False
global_acc,1,config_3,config_6,9,0.019629629629629625,2.079656903426152,1.0,1.0,False,False,False,False
global_acc,1,config_3,config_7,9,0.032697037037037045,1.0425746426285312,1.0,1.0,False,False,False,False
global_acc,1,config_3,config_8,9,0.019219999999999977,1.0923298937158816,1.0,1.0,False,False,False,False
global_acc,1,config_3,config_9,9,0.011899259259259264,0.5976231735182245,0.7777777777777778,0.5555555555555556,False,False,False,False
global_acc,1,config_3,config_base,9,0.019876296296296295,1.283140964092125,1.0,1.0,False,False,False,False
global_acc,1,config_4,config_5,9,0.038494814814814815,1.1379861531879012,1.0,1.0,False,False,False,False
global_acc,1,config_4,config_6,9,0.02383703703703704,2.061292205085952,1.0,1.0,False,False,False,False
global_acc,1,config_4,config_7,9,0.036904444444444455,1.045220880891228,1.0,1.0,False,False,False,False
global_acc,1,config_4,config_8,9,0.02342740740740739,1.4968292998498007,1.0,1.0,False,False,False,False
global_acc,1,config_4,config_9,9,0.016106666666666675,0.6780473692337151,0.7777777777777778,0.5555555555555556,False,False,False,False
global_acc,1,config_4,config_base,9,0.024083703703703704,1.2566806383863454,0.8888888888888888,0.8888888888888888,False,False,False,False
global_acc,1,config_6,config_5,9,0.014657777777777777,0.5809630985167951,0.6666666666666666,0.4444444444444444,False,False,False,False
global_acc,1,config_7,config_5,9,0.0015903703703703592,0.2012489730833997,0.6666666666666666,0.1111111111111111,False,False,True,True
global_acc,1,config_8,config_5,9,0.015067407407407425,0.37328024725702263,0.6666666666666666,0.3333333333333333,False,False,False,False
global_acc,1,config_9,config_5,9,0.02238814814814814,1.2653611914723069,1.0,1.0,False,False,False,False
global_acc,1,config_base,config_5,9,0.014411111111111109,0.8073036644716334,1.0,1.0,False,False,False,False
global_acc,1,config_6,config_7,9,0.013067407407407416,0.4783840929667955,0.5555555555555556,0.3333333333333333,False,True,False,True
global_acc,1,config_8,config_6,9,0.00040962962962964866,0.02095760643973255,0.5555555555555556,0.1111111111111111,True,True,True,True
global_acc,1,config_9,config_6,9,0.007730370370370363,0.39285931711367605,0.7777777777777778,0.3333333333333333,False,False,False,False
global_acc,1,config_6,config_base,9,0.0002466666666666666,0.02028804624864053,0.5555555555555556,0.1111111111111111,True,True,True,True
global_acc,1,config_8,config_7,9,0.013477037037037065,0.33380347141626887,0.6666666666666666,0.2222222222222222,False,False,False,False
global_acc,1,config_9,config_7,9,0.02079777777777778,1.2617002088229896,1.0,1.0,False,False,False,False
global_acc,1,config_base,config_7,9,0.01282074074074075,0.6597386430932991,0.8888888888888888,0.6666666666666666,False,False,False,False
global_acc,1,config_9,config_8,9,0.0073207407407407145,0.258521711210117,0.6666666666666666,0.2222222222222222,False,False,False,False
global_acc,1,config_8,config_base,9,0.0006562962962963153,0.022463792620035616,0.6666666666666666,0.1111111111111111,True,False,True,True
global_acc,1,config_9,config_base,9,0.007977037037037029,0.4709193269135772,0.6666666666666666,0.3333333333333333,False,False,False,False
f1_score,5,config_1,config_0,9,0.031130370370370388,0.33544275044957983,0.5555555555555556,0.2222222222222222,False,True,False,True
f1_score,5,config_10,config_0,9,0.03766444444444447,0.39381782568770884,0.5555555555555556,0.2222222222222222,False,True,False,True
f1_score,5,config_11,config_0,9,0.03565481481481482,0.3858030270115649,0.5555555555555556,0.2222222222222222,False,True,False,True
f1_score,5,config_12,config_0,9,0.04147777777777781,0.4371388168353315,0.5555555555555556,0.3333333333333333,False,True,False,True
f1_score,5,config_0,config_13,9,0.01542592592592593,0.5642306420020741,0.7777777777777778,0.3333333333333333,False,False,False,False
f1_score,5,config_2,config_0,9,0.0019711111111111335,0.06895442223592789,0.5555555555555556,0.1111111111111111,True,True,True,True
f1_score,5,config_3,config_0,9,0.03421555555555557,0.36879101194652975,0.6666666666666666,0.2222222222222222,False,False,False,False
f1_score,5,config_4,config_0,9,0.039897037037037016,0.4190914133132407,0.5555555555555556,0.2222222222222222,False,True,False,True
f1_score,5,config_0,config_5,9,0.01143407407407409,0.30280779711795497,0.6666666666666666,0.2222222222222222,False,False,False,False
f1_score,5,config_0,config_6,9,0.006407407407407417,0.12346247244734608,0.7777777777777778,0.1111111111111111,True,False,True,True
f1_score,5,config_0,config_7,9,0.0157488888888889,0.5011632413312,0.7777777777777778,0.3333333333333333,False,False,False,False
f1_score,5,config_8,config_0,9,0.005187407407407394,0.08368443890765662,0.2222222222222222,0.1111111111111111,True,True,True,True
f1_score,5,config_9,config_0,9,0.034167407407407396,0.3733908491842125,0.6666666666666666,0.2222222222222222,False,False,False,False
f1_score,5,config_base,config_0,9,0.006863703703703705,0.11126429609796845,0.3333333333333333,0.1111111111111111,True,True,True,True
f1_score,5,config_10,config_1,9,0.006534074074074087,0.5098888890464466,0.5555555555555556,0.3333333333333333,False,True,False,True
f1_score,5,config_11,config_1,9,0.00452444444444443,0.4839339071496197,0.7777777777777778,0.4444444444444444,False,False,False,False
f1_score,5,config_12,config_1,9,0.010347407407407423,0.6410341722023006,0.7777777777777778,0.4444444444444444,False,False,False,False
f1_score,5,config_1,config_13,9,0.04655629629629632,0.5399615729914663,0.8888888888888888,0.8888888888888888,False,False,False,False
f1_score,5,config_1,config_2,9,0.029159259259259256,0.33580857503716605,0.5555555555555556,0.2222222222222222,False,True,False,True
f1_score,5,config_3,config_1,9,0.0030851851851851787,0.9769225987913522,0.7777777777777778,0.6666666666666666,False,False,False,False
f1_score,5,config_4,config_1,9,0.008766666666666626,1.1457631853758152,0.7777777777777778,0.6666666666666666,False,False,False,False
f1_score,5,config_1,config_5,9,0.04256444444444448,0.6324303482812148,0.8888888888888888,0.8888888888888888,False,False,False,False
f1_score,5,config_1,config_6,9,0.03753777777777781,0.7467844057652909,1.0,1.0,False,False,False,False
f1_score,5,config_1,config_7,9,0.04687925925925929,0.5525445450811678,1.0,1.0,False,False,False,False
f1_score,5,config_1,config_8,9,0.025942962962962994,0.7834248249020734,1.0,1.0,False,False,False,False
f1_score,5,config_9,config_1,9,0.003037037037037011,0.4008336073426909,0.4444444444444444,0.2222222222222222,False,True,False,True
f1_score,5,config_1,config_base,9,0.024266666666666683,0.7197180377037034,1.0,1.0,False,False,False,False
f1_score,5,config_10,config_11,9,0.0020096296296296576,0.18303485380447726,0.7777777777777778,0.2222222222222222,True,False,False,True
f1_score,5,config_12,config_10,9,0.0038133333333333352,0.3029343400517849,0.5555555555555556,0.2222222222222222,False,True,False,True
f1_score,5,config_10,config_13,9,0.053090370370370406,0.6104472995795827,0.8888888888888888,0.7777777777777778,False,False,False,False
f1_score,5,config_10,config_2,9,0.03569333333333334,0.4085590781512836,0.5555555555555556,0.4444444444444444,False,True,False,True
f1_score,5,config_10,config_3,9,0.003448888888888909,0.2593011669146222,0.5555555555555556,0.2222222222222222,False,True,False,True
f1_score,5,config_4,config_10,9,0.002232592592592539,0.20151621763433952,0.5555555555555556,0.1111111111111111,False,True,True,True
f1_score,5,config_10,config_5,9,0.04909851851851857,0.7152155864642847,0.8888888888888888,0.7777777777777778,False,False,False,False
f1_score,5,config_10,config_6,9,0.04407185185185189,0.8380973161882747,1.0,1.0,False,False,False,False
f1_score,5,config_10,config_7,9,0.053413333333333375,0.624010558577507,0.7777777777777778,0.7777777777777778,False,False,False,False
f1_score,5,config_10,config_8,9,0.03247703703703708,0.9288466368114145,1.0,1.0,False,False,False,False
f1_score,5,config_10,config_9,9,0.0034970370370370762,0.3965477143513739,0.4444444444444444,0.2222222222222222,False,True,False,True
f1_score,5,config_10,config_base,9,0.03080074074074077,0.8213512094597492,0.7777777777777778,0.7777777777777778,False,False,False,False
f1_score,5,config_12,config_11,9,0.0058229629629629924,0.7026611133387625,0.7777777777777778,0.5555555555555556,False,False,False,False
f1_score,5,config_11,config_13,9,0.051080740740740746,0.5897951700160704,0.7777777777777778,0.7777777777777778,False,False,False,False
f1_score,5,config_11,config_2,9,0.03368370370370369,0.39009875503966435,0.6666666666666666,0.4444444444444444,False,False,False,False
f1_score,5,config_11,config_3,9,0.0014392592592592512,0.20071970433265499,0.6666666666666666,0.2222222222222222,False,False,False,False
f1_score,5,config_4,config_11,9,0.004242222222222197,0.7962639254486842,0.8888888888888888,0.5555555555555556,False,False,False,False
f1_score,5,config_11,config_5,9,0.04708888888888891,0.687233543208526,0.7777777777777778,0.7777777777777778,False,False,False,False
f1_score,5,config_11,config_6,9,0.04206222222222224,0.8247598648741871,0.8888888888888888,0.8888888888888888,False,False,False,False
f1_score,5,config_11,config_7,9,0.051403703703703715,0.6010075166690767,0.7777777777777778,0.7777777777777778,False,False,False,False
f1_score,5,config_11,config_8,9,0.030467407407407426,0.9341412363341914,1.0,1.0,False,False,False,False
f1_score,5,config_11,config_9,9,0.0014874074074074188,0.18095802768708724,0.5555555555555556,0.1111111111111111,True,True,True,True
f1_score,5,config_11,config_base,9,0.028791111111111115,0.7941559880954273,0.7777777777777778,0.6666666666666666,False,False,False,False
f1_score,5,config_12,config_13,9,0.05690370370370374,0.6433944141183287,0.7777777777777778,0.7777777777777778,False,False,False,False
f1_score,5,config_12,config_2,9,0.039506666666666676,0.45167766992749964,0.7777777777777778,0.5555555555555556,False,False,False,False
f1_score,5,config_12,config_3,9,0.007262222222222244,0.5100355031630814,0.7777777777777778,0.3333333333333333,False,False,False,False
f1_score,5,config_12,config_4,9,0.0015807407407407961,0.1615374331368316,0.6666666666666666,0.1111111111111111,True,False,True,True
f1_score,5,config_12,config_5,9,0.052911851851851904,0.7450121292944651,0.7777777777777778,0.7777777777777778,False,False,False,False
f1_score,5,config_12,config_6,9,0.047885185185185225,0.912905751227814,0.8888888888888888,0.7777777777777778,False,False,False,False
f1_score,5,config_12,config_7,9,0.05722666666666671,0.6536792867220864,0.7777777777777778,0.7777777777777778,False,False,False,False
f1_score,5,config_12,config_8,9,0.03629037037037042,1.0278051838338607,1.0,1.0,False,False,False,False
f1_score,5,config_12,config_9,9,0.0073103703703704115,0.5060818346365789,0.6666666666666666,0.4444444444444444,False,False,False,False
f1_score,5,config_12,config_base,9,0.0346140740740741,0.8520454975588915,0.7777777777777778,0.6666666666666666,False,False,False,False
f1_score,5,config_2,config_13,9,0.01739703703703706,1.30470732095462,1.0,1.0,False,False,False,False
f1_score,5,config_3,config_13,9,0.049641481481481495,0.5715600418581916,1.0,1.0,False,False,False,False
f1_score,5,config_4,config_13,9,0.05532296296296294,0.6231538268314076,0.8888888888888888,0.8888888888888888,False,False,False,False
f1_score,5,config_5,config_13,9,0.003991851851851839,0.19381174515103752,0.5555555555555556,0.1111111111111111,True,True,True,True
f1_score,5,config_6,config_13,9,0.009018518518518513,0.21980832164734465,0.4444444444444444,0.1111111111111111,False,True,True,True
f1_score,5,config_13,config_7,9,0.00032296296296296934,0.04427047148136357,0.3333333333333333,0.1111111111111111,True,True,True,True
f1_score,5,config_8,config_13,9,0.020613333333333324,0.3742616779836655,0.5555555555555556,0.2222222222222222,False,True,False,True
f1_score,5,config_9,config_13,9,0.04959333333333333,0.5861223427468931,1.0,1.0,False,False,False,False
f1_score,5,config_base,config_13,9,0.022289629629629635,0.41477002036169247,0.7777777777777778,0.3333333333333333,False,False,False,False
f1_score,5,config_3,config_2,9,0.03224444444444444,0.36993041231127344,0.6666666666666666,0.3333333333333333,False,False,False,False
f1_score,5,config_4,config_2,9,0.037925925925925884,0.4279263377807449,0.7777777777777778,0.6666666666666666,False,False,False,False
f1_score,5,config_2,config_5,9,0.013405185185185223,0.5350532474074248,0.7777777777777778,0.4444444444444444,False,False,False,False
f1_score,5,config_2,config_6,9,0.00837851851851855,0.20651060346922853,0.8888888888888888,0.3333333333333333,False,False,False,False
f1_score,5,config_2,config_7,9,0.01772000000000003,1.244941451392739,1.0,1.0,False,False,False,False
f1_score,5,config_8,config_2,9,0.0032162962962962605,0.05872841391813687,0.2222222222222222,0.1111111111111111,True,True,True,True
f1_score,5,config_9,config_2,9,0.032196296296296265,0.3766601165046373,0.6666666666666666,0.2222222222222222,False,False,False,False
f1_score,5,config_base,config_2,9,0.004892592592592572,0.0876674553309789,0.4444444444444444,0.1111111111111111,True,True,True,True
f1_score,5,config_4,config_3,9,0.005681481481481448,0.9895360750964725,0.6666666666666666,0.6666666666666666,False,False,False,False
f1_score,5,config_3,config_5,9,0.04564962962962966,0.6693620578186451,0.8888888888888888,0.8888888888888888,False,False,False,False
f1_score,5,config_3,config_6,9,0.040622962962962986,0.8013191546644917,1.0,1.0,False,False,False,False
f1_score,5,config_3,config_7,9,0.049964444444444464,0.5835929130819443,1.0,1.0,False,False,False,False
f1_score,5,config_3,config_8,9,0.029028148148148174,0.8704611308516335,1.0,1.0,False,False,False,False
f1_score,5,config_3,config_9,9,4.8148148148167515e-05,0.0059661958233902185,0.5555555555555556,0.1111111111111111,True,True,True,True
f1_score,5,config_3,config_base,9,0.027351851851851863,0.787457261967065,0.7777777777777778,0.7777777777777778,False,False,False,False
f1_score,5,config_4,config_5,9,0.051331111111111105,0.7282167320521286,0.8888888888888888,0.8888888888888888,False,False,False,False
f1_score,5,config_4,config_6,9,0.04630444444444443,0.8886116497220655,1.0,1.0,False,False,False,False
f1_score,5,config_4,config_7,9,0.05564592592592591,0.6349366098162371,0.8888888888888888,0.8888888888888888,False,False,False,False
f1_score,5,config_4,config_8,9,0.03470962962962962,0.9825439590871572,1.0,1.0,False,False,False,False
f1_score,5,config_4,config_9,9,0.005729629629629616,0.5872860242595351,0.6666666666666666,0.4444444444444444,False,False,False,False
f1_score,5,config_4,config_base,9,0.03303333333333331,0.8710744349991059,0.7777777777777778,0.7777777777777778,False,False,False,False
f1_score,5,config_6,config_5,9,0.005026666666666673,0.19478477305682582,0.5555555555555556,0.1111111111111111,True,True,True,True
f1_score,5,config_5,config_7,9,0.004314814814814809,0.2405186626020186,0.4444444444444444,0.1111111111111111,False,True,True,True
f1_score,5,config_8,config_5,9,0.016621481481481484,0.4469803695695877,0.7777777777777778,0.3333333333333333,False,False,False,False
f1_score,5,config_9,config_5,9,0.04560148148148149,0.6905126105171978,0.8888888888888888,0.8888888888888888,False,False,False,False
f1_score,5,config_base,config_5,9,0.018297777777777795,0.528752855968288,0.7777777777777778,0.7777777777777778,False,False,False,False
f1_score,5,config_6,config_7,9,0.009341481481481482,0.23094448403217813,0.4444444444444444,0.1111111111111111,False,True,True,True
f1_score,5,config_8,config_6,9,0.011594814814814811,0.4849560640126326,0.6666666666666666,0.2222222222222222,False,False,False,False
f1_score,5,config_9,config_6,9,0.040574814814814814,0.8057228601820561,1.0,1.0,False,False,False,False
f1_score,5,config_base,config_6,9,0.013271111111111122,0.5461631656268205,0.6666666666666666,0.3333333333333333,False,False,False,False
f1_score,5,config_8,config_7,9,0.020936296296296293,0.38880125074325766,0.6666666666666666,0.3333333333333333,False,False,False,False
f1_score,5,config_9,config_7,9,0.0499162962962963,0.5987371776058545,0.8888888888888888,0.8888888888888888,False,False,False,False
f1_score,5,config_base,config_7,9,0.022612592592592604,0.4325329665823304,0.7777777777777778,0.4444444444444444,False,False,False,False
f1_score,5,config_9,config_8,9,0.028980000000000006,0.9132371733867247,1.0,1.0,False,False,False,False
f1_score,5,config_base,config_8,9,0.0016762962962963116,0.13410623989191506,0.4444444444444444,0.1111111111111111,True,True,True,True
f1_score,5,config_9,config_base,9,0.027303703703703695,0.8206333695330275,0.7777777777777778,0.7777777777777778,False,False,False,False
f1_score,1,config_1,config_0,9,0.026064444444444453,0.2809741288815316,0.6666666666666666,0.1111111111111111,False,False,True,True
f1_score,1,config_10,config_0,9,0.019864444444444462,0.2127080621115923,0.4444444444444444,0.1111111111111111,False,True,True,True
f1_score,1,config_11,config_0,9,0.03542,0.420339246829597,0.6666666666666666,0.3333333333333333,False,False,False,False
f1_score,1,config_12,config_0,9,0.0396711111111111,0.461324599709957,0.6666666666666666,0.3333333333333333,False,False,False,False
f1_score,1,config_0,config_13,9,0.04707981481481482,0.8235710661118342,0.7777777777777778,0.5555555555555556,False,False,False,False
f1_score,1,config_0,config_2,9,0.01270444444444445,0.370683860943953,0.5555555555555556,0.3333333333333333,False,True,False,True
f1_score,1,config_3,config_0,9,0.02989259259259262,0.3362085765753717,0.6666666666666666,0.2222222222222222,False,False,False,False
f1_score,1,config_4,config_0,9,0.03666222222222223,0.41175601179505383,0.6666666666666666,0.3333333333333333,False,False,False,False
f1_score,1,config_0,config_5,9,0.05302148148148146,0.840594104226215,0.7777777777777778,0.5555555555555556,False,False,False,False
f1_score,1,config_0,config_6,9,0.01732444444444446,0.2992494853957145,0.5555555555555556,0.2222222222222222,False,True,False,True
f1_score,1,config_0,config_7,9,0.04683777777777774,0.8179056063893607,0.7777777777777778,0.5555555555555556,False,False,False,False
f1_score,1,config_0,config_8,9,0.01426888888888888,0.4453850310638193,0.6666666666666666,0.3333333333333333,False,False,False,False
f1_score,1,config_9,config_0,9,0.015877037037037047,0.16756413782139812,0.4444444444444444,0.1111111111111111,True,True,True,True
f1_score,1,config_0,config_base,9,0.03128888888888887,0.6823738857353279,0.6666666666666666,0.5555555555555556,False,False,False,False
f1_score,1,config_1,config_10,9,0.006199999999999989,0.4515012784500258,0.8888888888888888,0.3333333333333333,False,False,False,False
f1_score,1,config_11,config_1,9,0.00935555555555555,0.40829015743430497,0.6666666666666666,0.3333333333333333,False,False,False,False
f1_score,1,config_12,config_1,9,0.013606666666666649,0.5113954983928094,0.7777777777777778,0.3333333333333333,False,False,False,False
f1_score,1,config_1,config_13,9,0.07314425925925927,0.9204631130086764,1.0,1.0,False,False,False,False
f1_score,1,config_1,config_2,9,0.0387688888888889,0.4671813938372859,0.6666666666666666,0.4444444444444444,False,False,False,False
f1_score,1,config_3,config_1,9,0.003828148148148167,0.5905157710333573,0.7777777777777778,0.3333333333333333,False,False,False,False
f1_score,1,config_4,config_1,9,0.010597777777777774,0.9484487916347646,0.8888888888888888,0.7777777777777778,False,False,False,False
f1_score,1,config_1,config_5,9,0.07908592592592592,0.982536518479827,1.0,1.0,False,False,False,False
f1_score,1,config_1,config_6,9,0.04338888888888891,0.8257771978019164,1.0,1.0,False,False,False,False
f1_score,1,config_1,config_7,9,0.0729022222222222,0.959015375466871,1.0,1.0,False,False,False,False
f1_score,1,config_1,config_8,9,0.04033333333333333,0.5900810309593233,0.8888888888888888,0.7777777777777778,False,False,False,False
f1_score,1,config_1,config_9,9,0.010187407407407404,0.7124357568234668,0.7777777777777778,0.5555555555555556,False,False,False,False
f1_score,1,config_1,config_base,9,0.05735333333333332,0.7445220158312269,1.0,1.0,False,False,False,False
f1_score,1,config_11,config_10,9,0.015555555555555538,0.5254706885677528,0.6666666666666666,0.3333333333333333,False,False,False,False
f1_score,1,config_12,config_10,9,0.01980666666666664,0.5860992591120306,0.7777777777777778,0.4444444444444444,False,False,False,False
f1_score,1,config_10,config_13,9,0.06694425925925929,0.8520935143578748,1.0,1.0,False,False,False,False
f1_score,1,config_10,config_2,9,0.03256888888888891,0.3811852247232993,0.7777777777777778,0.2222222222222222,False,False,False,False
f1_score,1,config_3,config_10,9,0.010028148148148156,0.7387168899382978,0.8888888888888888,0.5555555555555556,False,False,False,False
f1_score,1,config_4,config_10,9,0.016797777777777762,0.8304963061976922,0.8888888888888888,0.8888888888888888,False,False,False,False
f1_score,1,config_10,config_5,9,0.07288592592592592,0.9233157456983594,1.0,1.0,False,False,False,False
f1_score,1,config_10,config_6,9,0.03718888888888892,0.6696413660420808,0.8888888888888888,0.6666666666666666,False,False,False,False
f1_score,1,config_10,config_7,9,0.0667022222222222,0.8949688773023651,0.8888888888888888,0.8888888888888888,False,False,False,False
f1_score,1,config_10,config_8,9,0.03413333333333334,0.47985435286070255,0.6666666666666666,0.3333333333333333,False,False,False,False
f1_score,1,config_10,config_9,9,0.003987407407407415,0.5522636982892617,0.5555555555555556,0.3333333333333333,False,True,False,True
f1_score,1,config_10,config_base,9,0.051153333333333335,0.6589662863287468,0.7777777777777778,0.7777777777777778,False,False,False,False
f1_score,1,config_12,config_11,9,0.0042511111111111005,0.8057199820215277,0.7777777777777778,0.6666666666666666,False,False,False,False
f1_score,1,config_11,config_13,9,0.0824998148148148,0.9924185448089512,0.7777777777777778,0.7777777777777778,False,False,False,False
f1_score,1,config_11,config_2,9,0.04812444444444445,0.6138410534114256,0.7777777777777778,0.6666666666666666,False,False,False,False
f1_score,1,config_11,config_3,9,0.005527407407407382,0.27711268938622524,0.6666666666666666,0.2222222222222222,False,False,False,False
f1_score,1,config_4,config_11,9,0.0012422222222222249,0.0971631512013676,0.4444444444444444,0.1111111111111111,True,True,True,True
f1_score,1,config_11,config_5,9,0.08844148148148147,1.044265392700221,0.7777777777777778,0.7777777777777778,False,False,False,False
f1_score,1,config_11,config_6,9,0.052744444444444455,1.0285634653504332,0.8888888888888888,0.8888888888888888,False,False,False,False
f1_score,1,config_11,config_7,9,0.08225777777777775,1.014007396483122,0.7777777777777778,0.7777777777777778,False,False,False,False
f1_score,1,config_11,config_8,9,0.04968888888888888,0.8123382179920552,1.0,1.0,False,False,False,False
f1_score,1,config_11,config_9,9,0.019542962962962953,0.5968823539885141,0.7777777777777778,0.4444444444444444,False,False,False,False
f1_score,1,config_11,config_base,9,0.06670888888888887,0.8536265352062908,0.7777777777777778,0.6666666666666666,False,False,False,False
f1_score,1,config_12,config_13,9,0.08675092592592591,1.0117000927969968,0.7777777777777778,0.7777777777777778,False,False,False,False
f1_score,1,config_12,config_2,9,0.05237555555555555,0.656048314632052,0.7777777777777778,0.6666666666666666,False,False,False,False
f1_score,1,config_12,config_3,9,0.009778518518518483,0.4048004643070323,0.6666666666666666,0.3333333333333333,False,False,False,False
f1_score,1,config_12,config_4,9,0.0030088888888888756,0.18891518962288345,0.5555555555555556,0.2222222222222222,True,True,False,True
f1_score,1,config_12,config_5,9,0.09269259259259256,1.0629513895417662,0.7777777777777778,0.7777777777777778,False,False,False,False
f1_score,1,config_12,config_6,9,0.05699555555555556,1.0776340548188097,0.8888888888888888,0.8888888888888888,False,False,False,False
f1_score,1,config_12,config_7,9,0.08650888888888884,1.0269195188161493,0.7777777777777778,0.7777777777777778,False,False,False,False
f1_score,1,config_12,config_8,9,0.05393999999999998,0.8545031474286532,1.0,1.0,False,False,False,False
f1_score,1,config_12,config_9,9,0.023794074074074054,0.6477591625782123,0.7777777777777778,0.4444444444444444,False,False,False,False
f1_score,1,config_12,config_base,9,0.07095999999999997,0.8803431024936881,0.7777777777777778,0.6666666666666666,False,False,False,False
f1_score,1,config_2,config_13,9,0.03437537037037037,1.0009816005427337,0.8888888888888888,0.7777777777777778,False,False,False,False
f1_score,1,config_3,config_13,9,0.07697240740740743,0.9803174552409933,1.0,1.0,False,False,False,False
f1_score,1,config_4,config_13,9,0.08374203703703705,1.0371055623560992,1.0,1.0,False,False,False,False
f1_score,1,config_13,config_5,9,0.005941666666666641,0.7069729002724395,0.5555555555555556,0.4444444444444444,False,True,False,True
f1_score,1,config_6,config_13,9,0.029755370370370363,0.8032705811550128,0.7777777777777778,0.5555555555555556,False,False,False,False
f1_score,1,config_7,config_13,9,0.00024203703703707454,0.01416718044305623,0.5555555555555556,0.1111111111111111,True,True,True,True
f1_score,1,config_8,config_13,9,0.03281092592592594,0.6231427905335742,0.7777777777777778,0.5555555555555556,False,False,False,False
f1_score,1,config_9,config_13,9,0.06295685185185186,0.8218145971115287,1.0,1.0,False,False,False,False
f1_score,1,config_base,config_13,9,0.015790925925925944,0.8468769616449873,0.7777777777777778,0.7777777777777778,False,False,False,False
f1_score,1,config_3,config_2,9,0.04259703703703707,0.5277484596620625,0.8888888888888888,0.7777777777777778,False,False,False,False
f1_score,1,config_4,config_2,9,0.04936666666666668,0.6137821108495658,1.0,1.0,False,False,False,False
f1_score,1,config_2,config_5,9,0.04031703703703701,1.0119618310964713,0.8888888888888888,0.7777777777777778,False,False,False,False
f1_score,1,config_2,config_6,9,0.004620000000000007,0.12225171502411732,0.7777777777777778,0.2222222222222222,True,False,False,True
f1_score,1,config_2,config_7,9,0.03413333333333329,0.9027280036833691,0.8888888888888888,0.6666666666666666,False,False,False,False
f1_score,1,config_2,config_8,9,0.00156444444444443,0.04626816147606761,0.5555555555555556,0.1111111111111111,True,True,True,True
f1_score,1,config_9,config_2,9,0.0285814814814815,0.3363972901605157,0.7777777777777778,0.2222222222222222,False,False,False,False
f1_score,1,config_2,config_base,9,0.01858444444444442,0.8654504350005594,0.7777777777777778,0.6666666666666666,False,False,False,False
f1_score,1,config_4,config_3,9,0.006769629629629607,0.7138849466266503,0.7777777777777778,0.5555555555555556,False,False,False,False
f1_score,1,config_3,config_5,9,0.08291407407407408,1.039767578214856,1.0,1.0,False,False,False,False
f1_score,1,config_3,config_6,9,0.04721703703703708,0.9149057743463501,1.0,1.0,False,False,False,False
f1_score,1,config_3,config_7,9,0.07673037037037037,1.024649623649967,1.0,1.0,False,False,False,False
f1_score,1,config_3,config_8,9,0.044161481481481496,0.6735732752517593,1.0,1.0,False,False,False,False
f1_score,1,config_3,config_9,9,0.014015555555555571,0.8424917499936653,0.8888888888888888,0.8888888888888888,False,False,False,False
f1_score,1,config_3,config_base,9,0.06118148148148149,0.813403226217663,1.0,1.0,False,False,False,False
f1_score,1,config_4,config_5,9,0.08968370370370368,1.0955485650133054,1.0,1.0,False,False,False,False
f1_score,1,config_4,config_6,9,0.05398666666666668,1.065368627172228,1.0,1.0,False,False,False,False
f1_score,1,config_4,config_7,9,0.08349999999999996,1.0668836972234519,1.0,1.0,False,False,False,False
f1_score,1,config_4,config_8,9,0.05093111111111111,0.778887079105318,1.0,1.0,False,False,False,False
f1_score,1,config_4,config_9,9,0.020785185185185177,0.9149483078131981,0.7777777777777778,0.7777777777777778,False,False,False,False
f1_score,1,config_4,config_base,9,0.0679511111111111,0.881315649561695,0.8888888888888888,0.8888888888888888,False,False,False,False
f1_score,1,config_6,config_5,9,0.035697037037037,0.9213636786548363,0.7777777777777778,0.6666666666666666,False,False,False,False
f1_score,1,config_7,config_5,9,0.0061837037037037156,0.2828127461987557,0.6666666666666666,0.1111111111111111,False,False,True,True
f1_score,1,config_8,config_5,9,0.03875259259259258,0.6569579627530581,0.7777777777777778,0.5555555555555556,False,False,False,False
f1_score,1,config_9,config_5,9,0.06889851851851851,0.8959783571540049,1.0,1.0,False,False,False,False
f1_score,1,config_base,config_5,9,0.021732592592592588,0.8750805965697555,1.0,1.0,False,False,False,False
f1_score,1,config_6,config_7,9,0.029513333333333287,0.6891105023828806,0.6666666666666666,0.4444444444444444,False,False,False,False
f1_score,1,config_8,config_6,9,0.003055555555555577,0.07328517300952693,0.5555555555555556,0.1111111111111111,True,True,True,True
f1_score,1,config_9,config_6,9,0.033201481481481505,0.6091460447042477,0.7777777777777778,0.5555555555555556,False,False,False,False
f1_score,1,config_6,config_base,9,0.013964444444444415,0.38632367006653157,0.6666666666666666,0.2222222222222222,False,False,False,False
f1_score,1,config_8,config_7,9,0.03256888888888886,0.6604812601830425,0.7777777777777778,0.5555555555555556,False,False,False,False
f1_score,1,config_9,config_7,9,0.06271481481481479,0.8660452917837133,1.0,1.0,False,False,False,False
f1_score,1,config_base,config_7,9,0.01554888888888887,0.8462906578848894,1.0,1.0,False,False,False,False
f1_score,1,config_9,config_8,9,0.030145925925925927,0.4230226465898517,0.5555555555555556,0.3333333333333333,False,True,False,True
f1_score,1,config_8,config_base,9,0.017019999999999993,0.4097807573936716,0.7777777777777778,0.4444444444444444,False,False,False,False
f1_score,1,config_9,config_base,9,0.04716592592592592,0.6165248011197543,0.7777777777777778,0.6666666666666666,False,False,False,False
